{"stats":{"minecraft:broken":{"minecraft:golden_boots":1,"minecraft:diamond_shovel":1,"minecraft:diamond_pickaxe":10,"minecraft:iron_sword":1,"minecraft:iron_axe":2,"minecraft:iron_pickaxe":9,"minecraft:iron_helmet":1,"minecraft:wooden_hoe":2,"minecraft:netherite_boots":1,"minecraft:iron_shovel":2,"minecraft:stone_pickaxe":1,"minecraft:stone_shovel":2},"minecraft:dropped":{"minecraft:iron_sword":1,"minecraft:lapis_lazuli":54,"minecraft:cooked_beef":10,"minecraft:glass_bottle":8,"minecraft:diamond":90,"minecraft:spore_blossom":1,"minecraft:cooked_porkchop":3,"minecraft:crossbow":4,"minecraft:dirt":43,"minecraft:scrape_pottery_sherd":1,"minecraft:netherite_boots":4,"minecraft:gold_nugget":23,"minecraft:bone_block":1,"minecraft:bolt_armor_trim_smithing_template":3,"minecraft:iron_pickaxe":4,"minecraft:white_wool":7,"minecraft:bone":117,"minecraft:stone_axe":1,"minecraft:sugar_cane":1,"minecraft:ancient_debris":2,"minecraft:iron_nugget":14,"minecraft:cobbled_deepslate":1,"minecraft:wheat":2,"minecraft:rotten_flesh":41,"minecraft:oak_planks":96,"minecraft:waxed_copper_block":1,"minecraft:eye_armor_trim_smithing_template":3,"minecraft:tipped_arrow":8,"minecraft:deepslate_tiles":2,"minecraft:leather_boots":3,"minecraft:beef":1,"minecraft:cherry_fence":4,"minecraft:egg":4,"minecraft:enchanted_book":1,"minecraft:netherite_pickaxe":2,"minecraft:wheat_seeds":83,"minecraft:netherite_helmet":4,"minecraft:netherite_chestplate":6,"minecraft:iron_helmet":3,"minecraft:feather":15,"minecraft:cobblestone":165,"minecraft:waxed_copper_grate":3,"minecraft:apple":1,"minecraft:granite":18,"minecraft:lava_bucket":2,"minecraft:gray_wool":1,"minecraft:cherry_planks":109,"minecraft:cooked_salmon":2,"minecraft:dead_bush":1,"minecraft:smooth_stone":2,"minecraft:paper":18,"minecraft:string":40,"minecraft:moss_carpet":10,"minecraft:soul_soil":24,"minecraft:soul_torch":5,"minecraft:netherite_ingot":1,"minecraft:stone_sword":2,"minecraft:cobblestone_wall":1,"minecraft:white_carpet":1,"minecraft:iron_boots":1,"minecraft:nether_bricks":3,"minecraft:pumpkin_seeds":4,"minecraft:diamond_sword":2,"minecraft:big_dripleaf":4,"minecraft:potato":5,"minecraft:stone":4,"minecraft:peony":5,"minecraft:diamond_pickaxe":7,"minecraft:stone_pressure_plate":3,"minecraft:spider_eye":2,"minecraft:bamboo":4,"minecraft:bow":7,"minecraft:magma_block":11,"minecraft:guster_pottery_sherd":2,"minecraft:soul_sand":51,"minecraft:birch_planks":80,"minecraft:baked_potato":134,"minecraft:lantern":10,"minecraft:leather":14,"minecraft:cod":1,"minecraft:flint":1,"minecraft:netherite_scrap":10,"minecraft:brush":1,"minecraft:mutton":2,"minecraft:crimson_roots":2,"minecraft:coast_armor_trim_smithing_template":2,"minecraft:seagrass":2,"minecraft:cooked_cod":2,"minecraft:amethyst_shard":38,"minecraft:axolotl_bucket":1,"minecraft:polished_blackstone_bricks":2,"minecraft:birch_log":28,"minecraft:gold_ingot":34,"minecraft:gravel":95,"minecraft:blackstone":139,"minecraft:spyglass":3,"minecraft:cherry_stairs":19,"minecraft:beehive":1,"minecraft:cooked_mutton":12,"minecraft:honey_bottle":4,"minecraft:carrot":29,"minecraft:birch_fence_gate":3,"minecraft:poppy":2,"minecraft:beetroot_seeds":2,"minecraft:azalea":2,"minecraft:birch_door":6,"minecraft:basalt":4,"minecraft:arrow":242,"minecraft:scaffolding":3,"minecraft:quartz":19,"minecraft:netherrack":6054,"minecraft:bread":3,"minecraft:water_bucket":6,"minecraft:cherry_log":17,"minecraft:poisonous_potato":6,"minecraft:lead":3,"minecraft:copper_ingot":24,"minecraft:stick":14,"minecraft:diorite":5,"minecraft:torch":4,"minecraft:nether_wart_block":2,"minecraft:map":1,"minecraft:iron_leggings":1,"minecraft:iron_axe":1,"minecraft:pink_petals":17,"minecraft:dandelion":1,"minecraft:kelp":2,"minecraft:tuff_bricks":4,"minecraft:tuff":3,"minecraft:raw_iron":6,"minecraft:light_gray_wool":3,"minecraft:ender_eye":6,"minecraft:netherite_leggings":3,"minecraft:filled_map":7,"minecraft:trial_key":3,"minecraft:diamond_chestplate":1,"minecraft:iron_chestplate":3,"minecraft:andesite":5,"minecraft:oak_sapling":1,"minecraft:slime_ball":2,"minecraft:raw_gold":6,"minecraft:magma_cream":1,"minecraft:brick":96},"minecraft:mined":{"minecraft:white_bed":20,"minecraft:cherry_log":311,"minecraft:obsidian":24,"minecraft:potted_dead_bush":1,"minecraft:granite":26,"minecraft:chiseled_polished_blackstone":1,"minecraft:deepslate_tile_wall":2,"minecraft:pink_stained_glass":4,"minecraft:deepslate_bricks":20,"minecraft:deepslate_tile_stairs":3,"minecraft:chiseled_tuff_bricks":24,"minecraft:crimson_fungus":1,"minecraft:nether_wart":5,"minecraft:spawner":6,"minecraft:polished_blackstone_bricks":34,"minecraft:weeping_vines_plant":10,"minecraft:tall_seagrass":2,"minecraft:magma_block":49,"minecraft:cobbled_deepslate":32,"minecraft:fire":129,"minecraft:barrel":3,"minecraft:waxed_oxidized_copper_bulb":1,"minecraft:pumpkin":12,"minecraft:moss_carpet":1,"minecraft:deepslate_lapis_ore":4,"minecraft:enchanting_table":1,"minecraft:sculk_shrieker":8,"minecraft:cave_vines":17,"minecraft:water_cauldron":3,"minecraft:dirt_path":4,"minecraft:oak_stairs":11,"minecraft:small_amethyst_bud":1,"minecraft:tripwire":6,"minecraft:kelp_plant":5,"minecraft:deepslate_brick_wall":8,"minecraft:smoker":6,"minecraft:crimson_nylium":11,"minecraft:soul_fire":67,"minecraft:amethyst_cluster":22,"minecraft:powder_snow":7,"minecraft:torch":25,"minecraft:blast_furnace":9,"minecraft:glass":4,"minecraft:sugar_cane":58,"minecraft:amethyst_block":40,"minecraft:cherry_slab":5,"minecraft:chain":10,"minecraft:cherry_fence":15,"minecraft:light_gray_stained_glass":2,"minecraft:wheat":204,"minecraft:jukebox":1,"minecraft:waxed_copper_block":21,"minecraft:birch_door":1,"minecraft:potted_poppy":1,"minecraft:smooth_basalt":8,"minecraft:stonecutter":2,"minecraft:tuff_brick_stairs":7,"minecraft:deepslate":322,"minecraft:deepslate_tiles":18,"minecraft:stripped_birch_log":6,"minecraft:nether_bricks":13,"minecraft:birch_fence_gate":2,"minecraft:allium":3,"minecraft:crimson_roots":5,"minecraft:moss_block":16,"minecraft:kelp":1,"minecraft:waxed_oxidized_cut_copper":4,"minecraft:waxed_copper_grate":11,"minecraft:andesite":4,"minecraft:big_dripleaf_stem":1,"minecraft:chiseled_tuff":3,"minecraft:potatoes":212,"minecraft:vine":1,"minecraft:bamboo":18,"minecraft:cherry_fence_gate":2,"minecraft:white_wool":1,"minecraft:smithing_table":2,"minecraft:birch_stairs":1,"minecraft:glass_pane":11,"minecraft:cherry_planks":167,"minecraft:hanging_roots":1,"minecraft:soul_sand":250,"minecraft:polished_blackstone_brick_wall":3,"minecraft:dandelion":5,"minecraft:short_grass":260,"minecraft:crimson_slab":3,"minecraft:campfire":1,"minecraft:tall_grass":41,"minecraft:copper_ore":6,"minecraft:deepslate_gold_ore":43,"minecraft:diorite":39,"minecraft:cherry_wall_hanging_sign":1,"minecraft:white_carpet":1,"minecraft:birch_leaves":41,"minecraft:sunflower":2,"minecraft:gravel":786,"minecraft:cobweb":41,"minecraft:stone_bricks":2,"minecraft:fern":13,"minecraft:waxed_cut_copper_slab":1,"minecraft:large_amethyst_bud":2,"minecraft:farmland":2,"minecraft:cobblestone_stairs":40,"minecraft:sculk_vein":14,"minecraft:brewing_stand":2,"minecraft:cherry_trapdoor":6,"minecraft:cave_vines_plant":3,"minecraft:budding_amethyst":2,"minecraft:grass_block":1395,"minecraft:tuff_brick_slab":4,"minecraft:cracked_polished_blackstone_bricks":8,"minecraft:white_concrete":1,"minecraft:soul_soil":146,"minecraft:polished_diorite":2,"minecraft:composter":4,"minecraft:tuff_bricks":274,"minecraft:glowstone":4,"minecraft:sculk_catalyst":1,"minecraft:iron_ore":108,"minecraft:polished_tuff":8,"minecraft:anvil":3,"minecraft:azalea":4,"minecraft:quartz_block":4,"minecraft:polished_blackstone_wall":1,"minecraft:blackstone":575,"minecraft:soul_lantern":2,"minecraft:clay":4,"minecraft:calcite":18,"minecraft:poppy":4,"minecraft:chest":2,"minecraft:nether_quartz_ore":137,"minecraft:cobblestone":227,"minecraft:grindstone":2,"minecraft:oak_planks":178,"minecraft:iron_door":9,"minecraft:wall_torch":1,"minecraft:pink_petals":319,"minecraft:red_candle":1,"minecraft:nether_wart_block":2,"minecraft:birch_log":382,"minecraft:waxed_oxidized_cut_copper_stairs":1,"minecraft:oak_log":79,"minecraft:waxed_oxidized_copper":7,"minecraft:sand":124,"minecraft:dirt":363,"minecraft:crimson_planks":4,"minecraft:netherrack":26934,"minecraft:ancient_debris":55,"minecraft:oak_leaves":30,"minecraft:nether_gold_ore":74,"minecraft:diamond_ore":9,"minecraft:tuff":506,"minecraft:deepslate_diamond_ore":269,"minecraft:stripped_cherry_log":69,"minecraft:decorated_pot":44,"minecraft:weeping_vines":4,"minecraft:rooted_dirt":87,"minecraft:crimson_stem":40,"minecraft:spore_blossom":2,"minecraft:furnace":20,"minecraft:carrots":193,"minecraft:peony":4,"minecraft:gold_block":2,"minecraft:nether_brick_fence":2,"minecraft:bookshelf":12,"minecraft:deepslate_iron_ore":167,"minecraft:shroomlight":5,"minecraft:lantern":1,"minecraft:stone":603,"minecraft:cherry_stairs":100,"minecraft:scaffolding":3,"minecraft:flowering_azalea":1,"minecraft:soul_torch":6,"minecraft:basalt":1446,"minecraft:crafting_table":11,"minecraft:sculk_sensor":6,"minecraft:stone_slab":1,"minecraft:polished_blackstone_brick_stairs":19,"minecraft:sculk":5,"minecraft:birch_planks":159,"minecraft:waxed_oxidized_copper_grate":1,"minecraft:beehive":1,"minecraft:sweet_berry_bush":15,"minecraft:bee_nest":3,"minecraft:coal_ore":53,"minecraft:cherry_leaves":38,"minecraft:flower_pot":2,"minecraft:cracked_stone_bricks":2,"minecraft:small_dripleaf":3,"minecraft:mossy_stone_bricks":1,"minecraft:birch_fence":1},"minecraft:crafted":{"minecraft:smooth_stone":10,"minecraft:blaze_powder":12,"minecraft:birch_boat":6,"minecraft:chain":4,"minecraft:birch_slab":42,"minecraft:diamond_shovel":1,"minecraft:bookshelf":6,"minecraft:cooked_mutton":21,"minecraft:quartz_block":4,"minecraft:glass":72,"minecraft:diamond_helmet":3,"minecraft:diamond_leggings":3,"minecraft:netherite_boots":5,"minecraft:polished_blackstone":84,"minecraft:decorated_pot":7,"minecraft:stone_pressure_plate":4,"minecraft:birch_door":9,"minecraft:magenta_dye":3,"minecraft:flower_pot":8,"minecraft:cooked_porkchop":21,"minecraft:smithing_table":1,"minecraft:copper_ingot":12,"minecraft:fletching_table":1,"minecraft:hay_block":1,"minecraft:campfire":1,"minecraft:painting":3,"minecraft:bolt_armor_trim_smithing_template":2,"minecraft:wooden_hoe":3,"minecraft:cherry_sign":3,"minecraft:stone_slab":6,"minecraft:iron_pickaxe":18,"minecraft:iron_block":3,"minecraft:gold_ingot":75,"minecraft:netherite_ingot":12,"minecraft:birch_stairs":24,"minecraft:polished_blackstone_bricks":84,"minecraft:stone_shovel":2,"minecraft:jukebox":1,"minecraft:iron_nugget":18,"minecraft:spyglass":2,"minecraft:bone_meal":147,"minecraft:white_carpet":12,"minecraft:polished_tuff":20,"minecraft:stone_stairs":6,"minecraft:cherry_trapdoor":18,"minecraft:deepslate_brick_wall":6,"minecraft:polished_diorite":1,"minecraft:cherry_stairs":352,"minecraft:stone_pickaxe":2,"minecraft:diamond_boots":3,"minecraft:netherite_pickaxe":1,"minecraft:enchanting_table":1,"minecraft:crimson_slab":72,"minecraft:deepslate_tiles":8,"minecraft:glowstone":2,"minecraft:oak_stairs":104,"minecraft:iron_shovel":3,"minecraft:iron_leggings":1,"minecraft:white_bed":4,"minecraft:cherry_hanging_sign":6,"minecraft:oak_planks":260,"minecraft:barrel":4,"minecraft:cherry_slab":42,"minecraft:cooked_chicken":1,"minecraft:cobblestone_stairs":76,"minecraft:stone":17,"minecraft:iron_boots":1,"minecraft:chest":13,"minecraft:polished_basalt":4,"minecraft:netherite_helmet":5,"minecraft:copper_block":1,"minecraft:netherite_upgrade_smithing_template":38,"minecraft:stone_hoe":1,"minecraft:ender_eye":7,"minecraft:stone_bricks":4,"minecraft:cherry_fence":63,"minecraft:smoker":3,"minecraft:arrow":165,"minecraft:crafting_table":20,"minecraft:baked_potato":411,"minecraft:iron_helmet":3,"minecraft:brush":1,"minecraft:birch_planks":616,"minecraft:book":19,"minecraft:iron_chestplate":4,"minecraft:paper":63,"minecraft:diamond_pickaxe":16,"minecraft:charcoal":46,"minecraft:shield":4,"minecraft:stick":136,"minecraft:iron_ingot":220,"minecraft:stone_sword":1,"minecraft:polished_blackstone_brick_stairs":24,"minecraft:chiseled_tuff_bricks":20,"minecraft:deepslate_bricks":40,"minecraft:tuff_brick_slab":16,"minecraft:shears":1,"minecraft:cherry_planks":832,"minecraft:stone_brick_wall":1,"minecraft:beehive":1,"minecraft:tuff_bricks":12,"minecraft:furnace":9,"minecraft:blast_furnace":3,"minecraft:glass_pane":32,"minecraft:flint_and_steel":1,"minecraft:netherite_chestplate":6,"minecraft:netherite_leggings":4,"minecraft:polished_deepslate":40,"minecraft:iron_axe":5,"minecraft:cobblestone_wall":4,"minecraft:netherite_scrap":59,"minecraft:cherry_fence_gate":3,"minecraft:cooked_beef":44,"minecraft:red_dye":1,"minecraft:cooked_cod":3,"minecraft:crimson_planks":148,"minecraft:diamond_sword":1,"minecraft:iron_sword":2,"minecraft:cooked_salmon":4,"minecraft:bucket":3,"minecraft:stone_axe":1,"minecraft:amethyst_block":16,"minecraft:air":0,"minecraft:bread":23,"minecraft:white_wool":10,"minecraft:pink_stained_glass_pane":16,"minecraft:cherry_door":3,"minecraft:stonecutter":1,"minecraft:anvil":1,"minecraft:coast_armor_trim_smithing_template":2,"minecraft:torch":132,"minecraft:tuff_brick_stairs":24,"minecraft:diamond_chestplate":2},"minecraft:picked_up":{"minecraft:seagrass":2,"minecraft:birch_door":2,"minecraft:iron_chestplate":6,"minecraft:flower_pot":5,"minecraft:anvil":3,"minecraft:lead":9,"minecraft:smithing_table":1,"minecraft:stone_slab":1,"minecraft:diamond_sword":2,"minecraft:oak_stairs":11,"minecraft:enchanted_book":4,"minecraft:brewing_stand":2,"minecraft:golden_sword":1,"minecraft:amethyst_block":38,"minecraft:polished_blackstone_brick_stairs":19,"minecraft:polished_deepslate":1,"minecraft:string":110,"minecraft:soul_soil":150,"minecraft:cooked_salmon":6,"minecraft:shroomlight":5,"minecraft:diamond_leggings":1,"minecraft:gold_nugget":243,"minecraft:cobbled_deepslate":596,"minecraft:trial_key":38,"minecraft:beehive":1,"minecraft:jukebox":1,"minecraft:composter":4,"minecraft:big_dripleaf":4,"minecraft:cherry_log":318,"minecraft:waxed_copper_grate":7,"minecraft:deepslate_tile_stairs":5,"minecraft:cauldron":3,"minecraft:stone_sword":4,"minecraft:honey_bottle":7,"minecraft:tropical_fish":1,"minecraft:bookshelf":11,"minecraft:netherite_chestplate":3,"minecraft:blaze_rod":7,"minecraft:birch_log":391,"minecraft:magma_block":53,"minecraft:feather":22,"minecraft:cooked_beef":5,"minecraft:iron_door":8,"minecraft:cherry_leaves":11,"minecraft:water_bucket":5,"minecraft:smoker":3,"minecraft:flint":67,"minecraft:cherry_fence":15,"minecraft:map":1,"minecraft:lantern":12,"minecraft:stonecutter":2,"minecraft:guster_banner_pattern":1,"minecraft:diamond_helmet":1,"minecraft:glowstone_dust":27,"minecraft:moss_block":40,"minecraft:honeycomb":12,"minecraft:birch_fence_gate":2,"minecraft:barrel":3,"minecraft:cherry_hanging_sign":1,"minecraft:granite":90,"minecraft:bread":91,"minecraft:rooted_dirt":87,"minecraft:cherry_slab":6,"minecraft:crimson_roots":8,"minecraft:diamond_pickaxe":9,"minecraft:crafting_table":10,"minecraft:tuff_brick_slab":5,"minecraft:ominous_bottle":4,"minecraft:nether_wart":15,"minecraft:clay_ball":4,"minecraft:golden_pickaxe":1,"minecraft:mourner_pottery_sherd":1,"minecraft:stripped_cherry_log":69,"minecraft:wind_charge":5,"minecraft:flint_and_steel":2,"minecraft:white_carpet":18,"minecraft:iron_shovel":1,"minecraft:glass_pane":47,"minecraft:beef":59,"minecraft:iron_nugget":42,"minecraft:poppy":8,"minecraft:guster_pottery_sherd":2,"minecraft:chest":2,"minecraft:birch_sapling":36,"minecraft:waxed_oxidized_copper":3,"minecraft:egg":34,"minecraft:stone":5,"minecraft:flow_pottery_sherd":2,"minecraft:carrot":575,"minecraft:redstone":107,"minecraft:netherite_pickaxe":2,"minecraft:music_disc_creator_music_box":2,"minecraft:tnt":2,"minecraft:stone_shovel":2,"minecraft:diamond_chestplate":3,"minecraft:cooked_cod":3,"minecraft:decorated_pot":4,"minecraft:beetroot_seeds":2,"minecraft:peony":17,"minecraft:deepslate_bricks":20,"minecraft:shears":1,"minecraft:diamond_boots":1,"minecraft:gold_ingot":14,"minecraft:tuff_bricks":242,"minecraft:glow_berries":24,"minecraft:mutton":30,"minecraft:white_wool":34,"minecraft:bone_block":7,"minecraft:filled_map":6,"minecraft:oak_log":90,"minecraft:ancient_debris":64,"minecraft:golden_boots":1,"minecraft:paper":26,"minecraft:white_banner":1,"minecraft:apple":1,"minecraft:kelp":34,"minecraft:spore_blossom":3,"minecraft:stone_pickaxe":4,"minecraft:glass_bottle":2,"minecraft:iron_sword":5,"minecraft:smooth_basalt":9,"minecraft:sweet_berries":39,"minecraft:spyglass":2,"minecraft:gravel":470,"minecraft:birch_stairs":2,"minecraft:polished_tuff":7,"minecraft:slime_ball":38,"minecraft:polished_diorite":2,"minecraft:stone_axe":4,"minecraft:diamond_axe":1,"minecraft:painting":45,"minecraft:gray_wool":5,"minecraft:polished_blackstone_brick_wall":3,"minecraft:baked_potato":111,"minecraft:ender_pearl":6,"minecraft:wheat":160,"minecraft:nether_brick_fence":2,"minecraft:potion":5,"minecraft:gilded_blackstone":6,"minecraft:crimson_planks":3,"minecraft:waxed_cut_copper_slab":1,"minecraft:raw_copper":18,"minecraft:iron_leggings":5,"minecraft:red_candle":3,"minecraft:netherite_ingot":6,"minecraft:deepslate_tiles":20,"minecraft:smooth_stone":1,"minecraft:bucket":3,"minecraft:ender_eye":12,"minecraft:calcite":21,"minecraft:azalea":5,"minecraft:iron_pickaxe":3,"minecraft:deepslate_tile_wall":15,"minecraft:furnace":20,"minecraft:tipped_arrow":19,"minecraft:stick":81,"minecraft:deepslate_brick_wall":8,"minecraft:torch":57,"minecraft:porkchop":20,"minecraft:diorite":59,"minecraft:quartz_block":4,"minecraft:rotten_flesh":128,"minecraft:obsidian":28,"minecraft:cod":6,"minecraft:cobblestone":1026,"minecraft:enchanting_table":1,"minecraft:pink_petals":630,"minecraft:lilac":17,"minecraft:magma_cream":1,"minecraft:cherry_planks":554,"minecraft:andesite":6,"minecraft:potato":580,"minecraft:tuff":786,"minecraft:lapis_lazuli":205,"minecraft:dirt":1761,"minecraft:stripped_birch_log":6,"minecraft:name_tag":1,"minecraft:leather_boots":7,"minecraft:glass":44,"minecraft:bone":314,"minecraft:bow":26,"minecraft:wheat_seeds":531,"minecraft:raw_gold":57,"minecraft:grindstone":2,"minecraft:bolt_armor_trim_smithing_template":2,"minecraft:bamboo":82,"minecraft:scrape_pottery_sherd":3,"minecraft:oak_planks":323,"minecraft:pink_stained_glass":12,"minecraft:cooked_porkchop":2,"minecraft:axolotl_bucket":1,"minecraft:pink_stained_glass_pane":5,"minecraft:poisonous_potato":9,"minecraft:sand":154,"minecraft:dead_bush":4,"minecraft:grass_block":2,"minecraft:diamond":412,"minecraft:soul_lantern":2,"minecraft:netherite_helmet":1,"minecraft:waxed_oxidized_copper_grate":3,"minecraft:cracked_polished_blackstone_bricks":12,"minecraft:crossbow":9,"minecraft:breeze_rod":5,"minecraft:golden_apple":1,"minecraft:white_concrete":1,"minecraft:emerald":78,"minecraft:oak_sapling":5,"minecraft:netherrack":11465,"minecraft:charcoal":43,"minecraft:waxed_oxidized_cut_copper":2,"minecraft:allium":3,"minecraft:chicken":7,"minecraft:wooden_pickaxe":2,"minecraft:gold_block":5,"minecraft:chain":10,"minecraft:brick":184,"minecraft:shield":6,"minecraft:moss_carpet":13,"minecraft:iron_axe":4,"minecraft:birch_fence":1,"minecraft:blackstone":439,"minecraft:light_gray_wool":9,"minecraft:sugar_cane":109,"minecraft:cherry_trapdoor":6,"minecraft:phantom_membrane":5,"minecraft:raw_iron":296,"minecraft:cherry_stairs":103,"minecraft:polished_blackstone_bricks":34,"minecraft:stone_pressure_plate":4,"minecraft:cherry_fence_gate":8,"minecraft:weeping_vines":10,"minecraft:arrow":337,"minecraft:nether_bricks":13,"minecraft:golden_hoe":1,"minecraft:saddle":1,"minecraft:netherite_boots":1,"minecraft:basalt":648,"minecraft:golden_carrot":10,"minecraft:glow_ink_sac":17,"minecraft:crimson_stem":37,"minecraft:salmon":6,"minecraft:leather":63,"minecraft:birch_planks":316,"minecraft:waxed_copper_bulb":2,"minecraft:waxed_copper_block":5,"minecraft:cobblestone_wall":1,"minecraft:nether_wart_block":2,"minecraft:gunpowder":10,"minecraft:cobblestone_stairs":60,"minecraft:cooked_mutton":13,"minecraft:coast_armor_trim_smithing_template":9,"minecraft:red_carpet":12,"minecraft:iron_ingot":120,"minecraft:cooked_chicken":14,"minecraft:soul_sand":240,"minecraft:book":2,"minecraft:scaffolding":3,"minecraft:emerald_block":1,"minecraft:birch_boat":9,"minecraft:pumpkin":15,"minecraft:tuff_brick_stairs":5,"minecraft:brush":1,"minecraft:quartz":162,"minecraft:dandelion":4,"minecraft:lava_bucket":2,"minecraft:amethyst_shard":103,"minecraft:soul_torch":11,"minecraft:blast_furnace":9,"minecraft:white_bed":19,"minecraft:spider_eye":12,"minecraft:pumpkin_seeds":4,"minecraft:iron_helmet":6,"minecraft:cherry_sapling":51,"minecraft:chiseled_tuff_bricks":21,"minecraft:coal":142},"minecraft:killed_by":{"minecraft:piglin_brute":1,"minecraft:warden":2,"minecraft:witch":1,"minecraft:player":11},"minecraft:killed":{"minecraft:cave_spider":1,"minecraft:cod":6,"minecraft:skeleton":182,"minecraft:chicken":8,"minecraft:magma_cube":3,"minecraft:salmon":8,"minecraft:pillager":8,"minecraft:zombie":126,"minecraft:glow_squid":1,"minecraft:cow":29,"minecraft:vindicator":3,"minecraft:horse":3,"minecraft:husk":13,"minecraft:ravager":2,"minecraft:breeze":2,"minecraft:enderman":9,"minecraft:zombified_piglin":1,"minecraft:witch":2,"minecraft:spider":44,"minecraft:silverfish":22,"minecraft:turtle":3,"minecraft:piglin_brute":1,"minecraft:piglin":19,"minecraft:pig":6,"minecraft:zombie_villager":2,"minecraft:creeper":17,"minecraft:sheep":19,"minecraft:trader_llama":1,"minecraft:stray":47,"minecraft:ghast":3,"minecraft:blaze":14,"minecraft:slime":58,"minecraft:phantom":10,"minecraft:drowned":11,"minecraft:bat":1,"minecraft:hoglin":9,"minecraft:wither_skeleton":7,"minecraft:player":12},"minecraft:used":{"minecraft:peony":8,"minecraft:tuff_bricks":527,"minecraft:moss_block":17,"minecraft:nether_brick_fence":2,"minecraft:poppy":3,"minecraft:chest":15,"minecraft:stone":8,"minecraft:rotten_flesh":35,"minecraft:soul_sand":85,"minecraft:lava_bucket":26,"minecraft:quartz_block":4,"minecraft:cherry_leaves":8,"minecraft:bow":262,"minecraft:sweet_berries":3,"minecraft:ominous_bottle":3,"minecraft:furnace":23,"minecraft:cooked_cod":2,"minecraft:egg":17,"minecraft:potato":228,"minecraft:deepslate_brick_wall":30,"minecraft:diorite":5,"minecraft:stripped_birch_log":4,"minecraft:blackstone":60,"minecraft:glow_berries":15,"minecraft:sand":24,"minecraft:blast_furnace":12,"minecraft:netherite_helmet":1,"minecraft:birch_fence":1,"minecraft:deepslate_tiles":17,"minecraft:cherry_hanging_sign":2,"minecraft:tuff_brick_stairs":29,"minecraft:lilac":11,"minecraft:soul_lantern":2,"minecraft:chiseled_tuff_bricks":38,"minecraft:diamond_sword":2027,"minecraft:poisonous_potato":3,"minecraft:smithing_table":2,"minecraft:birch_log":55,"minecraft:pink_stained_glass":4,"minecraft:enchanting_table":2,"minecraft:stone_sword":78,"minecraft:cooked_salmon":4,"minecraft:trial_key":22,"minecraft:netherrack":2564,"minecraft:torch":179,"minecraft:brewing_stand":2,"minecraft:anvil":4,"minecraft:stone_stairs":2,"minecraft:polished_diorite":2,"minecraft:shroomlight":5,"minecraft:rooted_dirt":75,"minecraft:iron_axe":910,"minecraft:cherry_slab":25,"minecraft:bamboo_hanging_sign":1,"minecraft:cherry_fence_gate":11,"minecraft:pink_stained_glass_pane":19,"minecraft:barrel":7,"minecraft:bamboo":13,"minecraft:smooth_basalt":2,"minecraft:flow_pottery_sherd":1,"minecraft:basalt":161,"minecraft:glowstone":2,"minecraft:beef":2,"minecraft:cherry_fence":71,"minecraft:cobbled_deepslate":312,"minecraft:cherry_log":133,"minecraft:calcite":8,"minecraft:wheat_seeds":223,"minecraft:water_bucket":220,"minecraft:birch_planks":512,"minecraft:waxed_oxidized_cut_copper":1,"minecraft:cherry_planks":406,"minecraft:fletching_table":1,"minecraft:deepslate_bricks":40,"minecraft:polished_blackstone_bricks":41,"minecraft:tnt":2,"minecraft:crafting_table":27,"minecraft:white_bed":22,"minecraft:campfire":1,"minecraft:deepslate_tile_wall":2,"minecraft:oak_log":4,"minecraft:ender_eye":12,"minecraft:diamond_pickaxe":28254,"minecraft:diamond_shovel":1804,"minecraft:wind_charge":5,"minecraft:iron_pickaxe":2653,"minecraft:cobblestone":390,"minecraft:potion":3,"minecraft:cooked_porkchop":18,"minecraft:glass_pane":65,"minecraft:brush":33,"minecraft:kelp":12,"minecraft:dandelion":3,"minecraft:jukebox":1,"minecraft:cherry_sapling":2,"minecraft:iron_shovel":727,"minecraft:polished_deepslate":1,"minecraft:shield":109,"minecraft:decorated_pot":9,"minecraft:iron_sword":250,"minecraft:nether_bricks":10,"minecraft:carrot":199,"minecraft:waxed_copper_grate":4,"minecraft:tuff":33,"minecraft:beehive":1,"minecraft:axolotl_bucket":1,"minecraft:obsidian":22,"minecraft:honey_bottle":6,"minecraft:glass":117,"minecraft:waxed_oxidized_copper":1,"minecraft:waxed_oxidized_copper_grate":1,"minecraft:lantern":1,"minecraft:polished_blackstone_brick_wall":1,"minecraft:stone_bricks":4,"minecraft:golden_sword":1,"minecraft:red_carpet":9,"minecraft:magma_block":17,"minecraft:hay_block":1,"minecraft:scaffolding":9,"minecraft:stone_pickaxe":255,"minecraft:oak_planks":219,"minecraft:ender_pearl":1,"minecraft:sugar_cane":14,"minecraft:diamond_axe":876,"minecraft:white_wool":2,"minecraft:crossbow":92,"minecraft:shears":19,"minecraft:polished_tuff":11,"minecraft:birch_fence_gate":1,"minecraft:string":11,"minecraft:bread":56,"minecraft:gravel":124,"minecraft:grindstone":2,"minecraft:chain":2,"minecraft:stripped_cherry_log":39,"minecraft:bone_meal":110,"minecraft:golden_pickaxe":24,"minecraft:azalea":2,"minecraft:flint_and_steel":54,"minecraft:stone_shovel":338,"minecraft:stone_hoe":56,"minecraft:cooked_chicken":6,"minecraft:dirt":1670,"minecraft:spyglass":133,"minecraft:white_carpet":21,"minecraft:cobblestone_wall":3,"minecraft:granite":21,"minecraft:birch_door":3,"minecraft:bookshelf":17,"minecraft:oak_stairs":75,"minecraft:crimson_slab":61,"minecraft:cherry_trapdoor":23,"minecraft:red_candle":3,"minecraft:polished_blackstone_brick_stairs":19,"minecraft:crimson_planks":111,"minecraft:golden_carrot":5,"minecraft:waxed_cut_copper_slab":1,"minecraft:soul_soil":99,"minecraft:deepslate_tile_stairs":1,"minecraft:netherite_pickaxe":1487,"minecraft:stone_pressure_plate":4,"minecraft:cooked_beef":28,"minecraft:pumpkin":1,"minecraft:iron_leggings":1,"minecraft:cooked_mutton":13,"minecraft:amethyst_block":45,"minecraft:cobblestone_stairs":85,"minecraft:baked_potato":255,"minecraft:birch_boat":13,"minecraft:stonecutter":3,"minecraft:waxed_copper_block":1,"minecraft:painting":48,"minecraft:smoker":6,"minecraft:wooden_hoe":136,"minecraft:flower_pot":13,"minecraft:cherry_door":1,"minecraft:map":1,"minecraft:stone_slab":1,"minecraft:tuff_brick_slab":7,"minecraft:stone_axe":56,"minecraft:pink_petals":71,"minecraft:fishing_rod":13,"minecraft:cherry_stairs":426,"minecraft:bucket":249,"minecraft:splash_potion":1,"minecraft:birch_stairs":25,"minecraft:soul_torch":1},"minecraft:custom":{"minecraft:interact_with_crafting_table":302,"minecraft:open_barrel":13,"minecraft:bell_ring":7,"minecraft:leave_game":36,"minecraft:time_since_death":231,"minecraft:damage_blocked_by_shield":3122,"minecraft:play_time":1898470,"minecraft:deaths":39,"minecraft:jump":28301,"minecraft:enchant_item":40,"minecraft:interact_with_furnace":231,"minecraft:play_record":2,"minecraft:traded_with_villager":11,"minecraft:sleep_in_bed":31,"minecraft:damage_dealt":119340,"minecraft:interact_with_smoker":75,"minecraft:inspect_dispenser":37,"minecraft:horse_one_cm":408658,"minecraft:interact_with_smithing_table":82,"minecraft:interact_with_anvil":26,"minecraft:sneak_time":102018,"minecraft:interact_with_blast_furnace":95,"minecraft:total_world_time":1898470,"minecraft:interact_with_stonecutter":17,"minecraft:time_since_rest":266,"minecraft:swim_one_cm":581920,"minecraft:fly_one_cm":4244951,"minecraft:open_chest":1467,"minecraft:fish_caught":2,"minecraft:fall_one_cm":640189,"minecraft:animals_bred":10,"minecraft:sprint_one_cm":3828509,"minecraft:drop":693,"minecraft:talked_to_villager":5,"minecraft:interact_with_brewingstand":1,"minecraft:walk_on_water_one_cm":273737,"minecraft:player_kills":13,"minecraft:crouch_one_cm":383984,"minecraft:mob_kills":729,"minecraft:climb_one_cm":27210,"minecraft:walk_one_cm":6809494,"minecraft:raid_win":3,"minecraft:strider_one_cm":4524,"minecraft:walk_under_water_one_cm":271854,"minecraft:boat_one_cm":1022492,"minecraft:raid_trigger":2,"minecraft:pot_flower":10,"minecraft:interact_with_grindstone":12,"minecraft:damage_taken":23112}},"DataVersion":3953}