{"stats":{"minecraft:broken":{"minecraft:golden_boots":1,"minecraft:diamond_shovel":1,"minecraft:diamond_pickaxe":10,"minecraft:iron_sword":1,"minecraft:iron_axe":2,"minecraft:iron_pickaxe":9,"minecraft:iron_helmet":1,"minecraft:wooden_hoe":2,"minecraft:netherite_boots":1,"minecraft:iron_shovel":2,"minecraft:stone_pickaxe":1,"minecraft:stone_shovel":2},"minecraft:dropped":{"minecraft:iron_sword":1,"minecraft:lapis_lazuli":54,"minecraft:cooked_beef":10,"minecraft:glass_bottle":6,"minecraft:diamond":90,"minecraft:spore_blossom":1,"minecraft:cooked_porkchop":3,"minecraft:crossbow":4,"minecraft:dirt":41,"minecraft:netherite_boots":3,"minecraft:gold_nugget":23,"minecraft:bone_block":1,"minecraft:bolt_armor_trim_smithing_template":3,"minecraft:iron_pickaxe":4,"minecraft:white_wool":7,"minecraft:bone":117,"minecraft:stone_axe":1,"minecraft:sugar_cane":1,"minecraft:ancient_debris":2,"minecraft:iron_nugget":14,"minecraft:cobbled_deepslate":1,"minecraft:wheat":2,"minecraft:rotten_flesh":33,"minecraft:oak_planks":96,"minecraft:waxed_copper_block":1,"minecraft:tipped_arrow":8,"minecraft:deepslate_tiles":2,"minecraft:leather_boots":3,"minecraft:beef":1,"minecraft:cherry_fence":4,"minecraft:egg":4,"minecraft:wheat_seeds":81,"minecraft:netherite_chestplate":4,"minecraft:netherite_helmet":3,"minecraft:iron_helmet":3,"minecraft:feather":12,"minecraft:cobblestone":104,"minecraft:waxed_copper_grate":3,"minecraft:apple":1,"minecraft:granite":18,"minecraft:lava_bucket":2,"minecraft:gray_wool":1,"minecraft:cherry_planks":109,"minecraft:cooked_salmon":2,"minecraft:dead_bush":1,"minecraft:smooth_stone":2,"minecraft:paper":18,"minecraft:string":39,"minecraft:moss_carpet":10,"minecraft:soul_soil":24,"minecraft:soul_torch":5,"minecraft:netherite_ingot":1,"minecraft:stone_sword":2,"minecraft:iron_boots":1,"minecraft:pumpkin_seeds":4,"minecraft:diamond_sword":1,"minecraft:big_dripleaf":4,"minecraft:potato":5,"minecraft:peony":5,"minecraft:diamond_pickaxe":7,"minecraft:spider_eye":1,"minecraft:bamboo":4,"minecraft:bow":6,"minecraft:magma_block":11,"minecraft:guster_pottery_sherd":2,"minecraft:soul_sand":51,"minecraft:birch_planks":80,"minecraft:baked_potato":134,"minecraft:lantern":10,"minecraft:leather":14,"minecraft:flint":1,"minecraft:netherite_scrap":10,"minecraft:brush":1,"minecraft:mutton":2,"minecraft:coast_armor_trim_smithing_template":2,"minecraft:seagrass":2,"minecraft:cooked_cod":2,"minecraft:amethyst_shard":38,"minecraft:axolotl_bucket":1,"minecraft:polished_blackstone_bricks":2,"minecraft:birch_log":28,"minecraft:gold_ingot":34,"minecraft:gravel":95,"minecraft:blackstone":139,"minecraft:spyglass":3,"minecraft:cherry_stairs":19,"minecraft:beehive":1,"minecraft:cooked_mutton":12,"minecraft:honey_bottle":2,"minecraft:carrot":29,"minecraft:birch_fence_gate":3,"minecraft:poppy":2,"minecraft:beetroot_seeds":2,"minecraft:birch_door":6,"minecraft:azalea":2,"minecraft:basalt":2,"minecraft:arrow":50,"minecraft:scaffolding":3,"minecraft:quartz":19,"minecraft:netherrack":6054,"minecraft:bread":3,"minecraft:water_bucket":5,"minecraft:cherry_log":17,"minecraft:poisonous_potato":6,"minecraft:lead":3,"minecraft:copper_ingot":24,"minecraft:stick":13,"minecraft:diorite":5,"minecraft:torch":3,"minecraft:nether_wart_block":2,"minecraft:map":1,"minecraft:iron_leggings":1,"minecraft:iron_axe":1,"minecraft:pink_petals":17,"minecraft:dandelion":1,"minecraft:kelp":2,"minecraft:tuff_bricks":1,"minecraft:raw_iron":6,"minecraft:light_gray_wool":3,"minecraft:netherite_leggings":2,"minecraft:filled_map":7,"minecraft:trial_key":3,"minecraft:iron_chestplate":3,"minecraft:andesite":5,"minecraft:oak_sapling":1,"minecraft:raw_gold":6,"minecraft:magma_cream":1,"minecraft:brick":64},"minecraft:mined":{"minecraft:white_bed":19,"minecraft:cherry_log":298,"minecraft:obsidian":18,"minecraft:potted_dead_bush":1,"minecraft:granite":26,"minecraft:chiseled_polished_blackstone":1,"minecraft:deepslate_tile_wall":2,"minecraft:pink_stained_glass":4,"minecraft:deepslate_bricks":20,"minecraft:deepslate_tile_stairs":3,"minecraft:chiseled_tuff_bricks":20,"minecraft:nether_wart":5,"minecraft:spawner":3,"minecraft:polished_blackstone_bricks":34,"minecraft:weeping_vines_plant":3,"minecraft:tall_seagrass":2,"minecraft:magma_block":49,"minecraft:barrel":3,"minecraft:cobbled_deepslate":31,"minecraft:fire":122,"minecraft:waxed_oxidized_copper_bulb":1,"minecraft:pumpkin":3,"minecraft:moss_carpet":1,"minecraft:deepslate_lapis_ore":4,"minecraft:enchanting_table":1,"minecraft:sculk_shrieker":8,"minecraft:cave_vines":6,"minecraft:water_cauldron":3,"minecraft:dirt_path":4,"minecraft:oak_stairs":11,"minecraft:small_amethyst_bud":1,"minecraft:tripwire":6,"minecraft:kelp_plant":5,"minecraft:deepslate_brick_wall":8,"minecraft:smoker":6,"minecraft:crimson_nylium":3,"minecraft:amethyst_cluster":22,"minecraft:soul_fire":59,"minecraft:powder_snow":7,"minecraft:torch":25,"minecraft:blast_furnace":9,"minecraft:glass":4,"minecraft:sugar_cane":58,"minecraft:amethyst_block":40,"minecraft:cherry_slab":5,"minecraft:chain":10,"minecraft:cherry_fence":15,"minecraft:light_gray_stained_glass":2,"minecraft:wheat":170,"minecraft:jukebox":1,"minecraft:waxed_copper_block":19,"minecraft:birch_door":1,"minecraft:smooth_basalt":8,"minecraft:stonecutter":2,"minecraft:tuff_brick_stairs":7,"minecraft:deepslate":308,"minecraft:deepslate_tiles":17,"minecraft:stripped_birch_log":6,"minecraft:birch_fence_gate":2,"minecraft:moss_block":16,"minecraft:kelp":1,"minecraft:waxed_oxidized_cut_copper":4,"minecraft:waxed_copper_grate":10,"minecraft:andesite":4,"minecraft:big_dripleaf_stem":1,"minecraft:chiseled_tuff":2,"minecraft:potatoes":182,"minecraft:bamboo":18,"minecraft:cherry_fence_gate":2,"minecraft:white_wool":1,"minecraft:smithing_table":2,"minecraft:birch_stairs":1,"minecraft:glass_pane":11,"minecraft:cherry_planks":167,"minecraft:hanging_roots":1,"minecraft:soul_sand":246,"minecraft:polished_blackstone_brick_wall":3,"minecraft:dandelion":5,"minecraft:short_grass":243,"minecraft:crimson_slab":3,"minecraft:campfire":1,"minecraft:tall_grass":33,"minecraft:copper_ore":6,"minecraft:deepslate_gold_ore":43,"minecraft:diorite":23,"minecraft:white_carpet":1,"minecraft:birch_leaves":41,"minecraft:sunflower":2,"minecraft:gravel":782,"minecraft:cobweb":23,"minecraft:fern":13,"minecraft:waxed_cut_copper_slab":1,"minecraft:large_amethyst_bud":2,"minecraft:farmland":2,"minecraft:cobblestone_stairs":40,"minecraft:sculk_vein":14,"minecraft:brewing_stand":2,"minecraft:cherry_trapdoor":6,"minecraft:cave_vines_plant":3,"minecraft:budding_amethyst":2,"minecraft:grass_block":1377,"minecraft:tuff_brick_slab":4,"minecraft:cracked_polished_blackstone_bricks":8,"minecraft:white_concrete":1,"minecraft:soul_soil":127,"minecraft:polished_diorite":2,"minecraft:composter":4,"minecraft:tuff_bricks":261,"minecraft:glowstone":4,"minecraft:sculk_catalyst":1,"minecraft:iron_ore":106,"minecraft:polished_tuff":7,"minecraft:anvil":3,"minecraft:azalea":3,"minecraft:quartz_block":4,"minecraft:polished_blackstone_wall":1,"minecraft:blackstone":575,"minecraft:soul_lantern":2,"minecraft:clay":4,"minecraft:calcite":18,"minecraft:poppy":4,"minecraft:chest":2,"minecraft:nether_quartz_ore":137,"minecraft:cobblestone":226,"minecraft:grindstone":1,"minecraft:oak_planks":176,"minecraft:wall_torch":1,"minecraft:pink_petals":312,"minecraft:red_candle":1,"minecraft:nether_wart_block":2,"minecraft:birch_log":382,"minecraft:waxed_oxidized_cut_copper_stairs":1,"minecraft:oak_log":79,"minecraft:waxed_oxidized_copper":7,"minecraft:sand":122,"minecraft:dirt":321,"minecraft:crimson_planks":3,"minecraft:netherrack":26689,"minecraft:ancient_debris":55,"minecraft:oak_leaves":28,"minecraft:nether_gold_ore":74,"minecraft:diamond_ore":9,"minecraft:tuff":506,"minecraft:deepslate_diamond_ore":267,"minecraft:stripped_cherry_log":63,"minecraft:decorated_pot":25,"minecraft:rooted_dirt":87,"minecraft:crimson_stem":40,"minecraft:spore_blossom":2,"minecraft:furnace":20,"minecraft:carrots":142,"minecraft:peony":4,"minecraft:gold_block":2,"minecraft:bookshelf":12,"minecraft:deepslate_iron_ore":167,"minecraft:shroomlight":5,"minecraft:stone":464,"minecraft:cherry_stairs":100,"minecraft:scaffolding":3,"minecraft:flowering_azalea":1,"minecraft:basalt":1444,"minecraft:crafting_table":11,"minecraft:sculk_sensor":6,"minecraft:stone_slab":1,"minecraft:polished_blackstone_brick_stairs":19,"minecraft:sculk":5,"minecraft:birch_planks":159,"minecraft:waxed_oxidized_copper_grate":1,"minecraft:beehive":1,"minecraft:sweet_berry_bush":15,"minecraft:bee_nest":3,"minecraft:coal_ore":47,"minecraft:cherry_leaves":25,"minecraft:flower_pot":1,"minecraft:small_dripleaf":3,"minecraft:birch_fence":1},"minecraft:crafted":{"minecraft:smooth_stone":10,"minecraft:birch_boat":6,"minecraft:birch_slab":42,"minecraft:diamond_shovel":1,"minecraft:bookshelf":6,"minecraft:cooked_mutton":21,"minecraft:glass":72,"minecraft:quartz_block":4,"minecraft:diamond_helmet":3,"minecraft:diamond_leggings":3,"minecraft:netherite_boots":5,"minecraft:polished_blackstone":84,"minecraft:stone_pressure_plate":4,"minecraft:birch_door":9,"minecraft:flower_pot":3,"minecraft:cooked_porkchop":21,"minecraft:smithing_table":1,"minecraft:copper_ingot":12,"minecraft:hay_block":1,"minecraft:campfire":1,"minecraft:bolt_armor_trim_smithing_template":2,"minecraft:wooden_hoe":3,"minecraft:stone_slab":6,"minecraft:iron_pickaxe":18,"minecraft:iron_block":3,"minecraft:gold_ingot":75,"minecraft:netherite_ingot":12,"minecraft:birch_stairs":24,"minecraft:polished_blackstone_bricks":84,"minecraft:stone_shovel":2,"minecraft:jukebox":1,"minecraft:spyglass":2,"minecraft:bone_meal":147,"minecraft:white_carpet":12,"minecraft:stone_stairs":6,"minecraft:cherry_trapdoor":18,"minecraft:deepslate_brick_wall":6,"minecraft:polished_diorite":1,"minecraft:cherry_stairs":352,"minecraft:stone_pickaxe":2,"minecraft:diamond_boots":3,"minecraft:netherite_pickaxe":1,"minecraft:enchanting_table":1,"minecraft:crimson_slab":72,"minecraft:deepslate_tiles":8,"minecraft:oak_stairs":104,"minecraft:iron_shovel":3,"minecraft:iron_leggings":1,"minecraft:white_bed":4,"minecraft:oak_planks":260,"minecraft:barrel":4,"minecraft:cherry_slab":42,"minecraft:cooked_chicken":1,"minecraft:cobblestone_stairs":76,"minecraft:stone":17,"minecraft:iron_boots":1,"minecraft:chest":13,"minecraft:polished_basalt":4,"minecraft:netherite_helmet":5,"minecraft:copper_block":1,"minecraft:netherite_upgrade_smithing_template":38,"minecraft:stone_hoe":1,"minecraft:stone_bricks":4,"minecraft:cherry_fence":63,"minecraft:smoker":3,"minecraft:crafting_table":20,"minecraft:iron_helmet":3,"minecraft:baked_potato":347,"minecraft:brush":1,"minecraft:birch_planks":612,"minecraft:book":19,"minecraft:iron_chestplate":4,"minecraft:paper":63,"minecraft:diamond_pickaxe":16,"minecraft:charcoal":46,"minecraft:shield":4,"minecraft:stick":136,"minecraft:iron_ingot":220,"minecraft:stone_sword":1,"minecraft:polished_blackstone_brick_stairs":24,"minecraft:chiseled_tuff_bricks":20,"minecraft:deepslate_bricks":40,"minecraft:tuff_brick_slab":16,"minecraft:shears":1,"minecraft:cherry_planks":832,"minecraft:stone_brick_wall":1,"minecraft:beehive":1,"minecraft:furnace":9,"minecraft:blast_furnace":3,"minecraft:glass_pane":32,"minecraft:flint_and_steel":1,"minecraft:netherite_chestplate":6,"minecraft:netherite_leggings":4,"minecraft:polished_deepslate":40,"minecraft:iron_axe":5,"minecraft:cobblestone_wall":4,"minecraft:netherite_scrap":59,"minecraft:cherry_fence_gate":3,"minecraft:cooked_beef":40,"minecraft:red_dye":1,"minecraft:cooked_cod":3,"minecraft:crimson_planks":148,"minecraft:diamond_sword":1,"minecraft:iron_sword":2,"minecraft:cooked_salmon":4,"minecraft:bucket":3,"minecraft:stone_axe":1,"minecraft:amethyst_block":16,"minecraft:air":0,"minecraft:bread":23,"minecraft:white_wool":10,"minecraft:pink_stained_glass_pane":16,"minecraft:cherry_door":3,"minecraft:stonecutter":1,"minecraft:anvil":1,"minecraft:coast_armor_trim_smithing_template":2,"minecraft:torch":132,"minecraft:tuff_brick_stairs":24,"minecraft:diamond_chestplate":2},"minecraft:picked_up":{"minecraft:seagrass":2,"minecraft:birch_door":2,"minecraft:iron_chestplate":6,"minecraft:flower_pot":3,"minecraft:anvil":3,"minecraft:stone_slab":1,"minecraft:smithing_table":1,"minecraft:lead":5,"minecraft:diamond_sword":1,"minecraft:oak_stairs":11,"minecraft:enchanted_book":3,"minecraft:brewing_stand":2,"minecraft:golden_sword":1,"minecraft:polished_deepslate":1,"minecraft:amethyst_block":38,"minecraft:soul_soil":133,"minecraft:polished_blackstone_brick_stairs":19,"minecraft:string":107,"minecraft:cooked_salmon":6,"minecraft:shroomlight":5,"minecraft:diamond_leggings":1,"minecraft:gold_nugget":230,"minecraft:cobbled_deepslate":566,"minecraft:trial_key":36,"minecraft:beehive":1,"minecraft:jukebox":1,"minecraft:composter":4,"minecraft:big_dripleaf":4,"minecraft:cherry_log":305,"minecraft:waxed_copper_grate":7,"minecraft:deepslate_tile_stairs":5,"minecraft:cauldron":3,"minecraft:stone_sword":3,"minecraft:honey_bottle":5,"minecraft:tropical_fish":1,"minecraft:bookshelf":11,"minecraft:netherite_chestplate":2,"minecraft:birch_log":391,"minecraft:magma_block":53,"minecraft:feather":16,"minecraft:cooked_beef":5,"minecraft:water_bucket":5,"minecraft:smoker":3,"minecraft:flint":67,"minecraft:cherry_fence":15,"minecraft:map":1,"minecraft:lantern":11,"minecraft:stonecutter":2,"minecraft:guster_banner_pattern":1,"minecraft:diamond_helmet":1,"minecraft:glowstone_dust":27,"minecraft:moss_block":40,"minecraft:honeycomb":6,"minecraft:birch_fence_gate":2,"minecraft:barrel":3,"minecraft:granite":90,"minecraft:bread":86,"minecraft:rooted_dirt":87,"minecraft:cherry_slab":6,"minecraft:diamond_pickaxe":9,"minecraft:crafting_table":10,"minecraft:tuff_brick_slab":5,"minecraft:ominous_bottle":4,"minecraft:nether_wart":15,"minecraft:clay_ball":4,"minecraft:golden_pickaxe":1,"minecraft:stripped_cherry_log":63,"minecraft:wind_charge":5,"minecraft:flint_and_steel":2,"minecraft:white_carpet":18,"minecraft:iron_shovel":1,"minecraft:glass_pane":47,"minecraft:beef":46,"minecraft:iron_nugget":42,"minecraft:poppy":7,"minecraft:guster_pottery_sherd":2,"minecraft:chest":2,"minecraft:birch_sapling":36,"minecraft:egg":29,"minecraft:stone":1,"minecraft:flow_pottery_sherd":1,"minecraft:carrot":399,"minecraft:redstone":101,"minecraft:music_disc_creator_music_box":2,"minecraft:tnt":2,"minecraft:stone_shovel":2,"minecraft:diamond_chestplate":2,"minecraft:cooked_cod":3,"minecraft:decorated_pot":2,"minecraft:beetroot_seeds":2,"minecraft:peony":17,"minecraft:deepslate_bricks":20,"minecraft:diamond_boots":1,"minecraft:gold_ingot":14,"minecraft:tuff_bricks":226,"minecraft:glow_berries":24,"minecraft:mutton":28,"minecraft:white_wool":27,"minecraft:bone_block":7,"minecraft:filled_map":6,"minecraft:oak_log":90,"minecraft:ancient_debris":64,"minecraft:golden_boots":1,"minecraft:paper":26,"minecraft:white_banner":1,"minecraft:apple":1,"minecraft:kelp":34,"minecraft:spore_blossom":3,"minecraft:stone_pickaxe":4,"minecraft:glass_bottle":1,"minecraft:iron_sword":5,"minecraft:smooth_basalt":9,"minecraft:sweet_berries":39,"minecraft:spyglass":2,"minecraft:gravel":467,"minecraft:birch_stairs":2,"minecraft:polished_tuff":6,"minecraft:slime_ball":36,"minecraft:polished_diorite":2,"minecraft:stone_axe":4,"minecraft:diamond_axe":1,"minecraft:gray_wool":4,"minecraft:polished_blackstone_brick_wall":3,"minecraft:baked_potato":111,"minecraft:ender_pearl":4,"minecraft:wheat":128,"minecraft:potion":4,"minecraft:gilded_blackstone":6,"minecraft:crimson_planks":3,"minecraft:waxed_cut_copper_slab":1,"minecraft:raw_copper":18,"minecraft:iron_leggings":5,"minecraft:red_candle":3,"minecraft:netherite_ingot":6,"minecraft:deepslate_tiles":19,"minecraft:smooth_stone":1,"minecraft:bucket":3,"minecraft:calcite":21,"minecraft:azalea":4,"minecraft:iron_pickaxe":3,"minecraft:deepslate_tile_wall":15,"minecraft:furnace":20,"minecraft:tipped_arrow":19,"minecraft:stick":80,"minecraft:deepslate_brick_wall":8,"minecraft:torch":56,"minecraft:porkchop":19,"minecraft:diorite":43,"minecraft:quartz_block":4,"minecraft:rotten_flesh":106,"minecraft:obsidian":22,"minecraft:cod":3,"minecraft:cobblestone":956,"minecraft:enchanting_table":1,"minecraft:pink_petals":610,"minecraft:lilac":17,"minecraft:magma_cream":1,"minecraft:cherry_planks":554,"minecraft:andesite":6,"minecraft:potato":494,"minecraft:tuff":783,"minecraft:lapis_lazuli":205,"minecraft:dirt":1696,"minecraft:stripped_birch_log":6,"minecraft:name_tag":1,"minecraft:leather_boots":7,"minecraft:glass":44,"minecraft:bone":296,"minecraft:bow":24,"minecraft:wheat_seeds":437,"minecraft:raw_gold":57,"minecraft:grindstone":1,"minecraft:bolt_armor_trim_smithing_template":2,"minecraft:bamboo":82,"minecraft:scrape_pottery_sherd":2,"minecraft:oak_planks":323,"minecraft:pink_stained_glass":12,"minecraft:cooked_porkchop":2,"minecraft:pink_stained_glass_pane":5,"minecraft:axolotl_bucket":1,"minecraft:poisonous_potato":9,"minecraft:sand":118,"minecraft:dead_bush":4,"minecraft:grass_block":2,"minecraft:diamond":410,"minecraft:soul_lantern":2,"minecraft:netherite_helmet":1,"minecraft:waxed_oxidized_copper_grate":3,"minecraft:cracked_polished_blackstone_bricks":12,"minecraft:crossbow":9,"minecraft:breeze_rod":5,"minecraft:golden_apple":1,"minecraft:white_concrete":1,"minecraft:emerald":65,"minecraft:oak_sapling":5,"minecraft:netherrack":11234,"minecraft:charcoal":43,"minecraft:waxed_oxidized_cut_copper":2,"minecraft:chicken":6,"minecraft:wooden_pickaxe":2,"minecraft:gold_block":5,"minecraft:chain":10,"minecraft:brick":144,"minecraft:shield":6,"minecraft:moss_carpet":13,"minecraft:iron_axe":4,"minecraft:birch_fence":1,"minecraft:blackstone":438,"minecraft:light_gray_wool":9,"minecraft:sugar_cane":109,"minecraft:cherry_trapdoor":6,"minecraft:phantom_membrane":5,"minecraft:raw_iron":294,"minecraft:cherry_stairs":103,"minecraft:polished_blackstone_bricks":34,"minecraft:stone_pressure_plate":1,"minecraft:cherry_fence_gate":8,"minecraft:arrow":259,"minecraft:golden_hoe":1,"minecraft:saddle":1,"minecraft:netherite_boots":1,"minecraft:basalt":646,"minecraft:golden_carrot":3,"minecraft:glow_ink_sac":13,"minecraft:crimson_stem":37,"minecraft:salmon":6,"minecraft:leather":60,"minecraft:birch_planks":316,"minecraft:waxed_copper_bulb":2,"minecraft:waxed_copper_block":4,"minecraft:nether_wart_block":2,"minecraft:gunpowder":9,"minecraft:cobblestone_stairs":60,"minecraft:cooked_mutton":13,"minecraft:red_carpet":12,"minecraft:coast_armor_trim_smithing_template":9,"minecraft:iron_ingot":112,"minecraft:cooked_chicken":13,"minecraft:soul_sand":232,"minecraft:book":2,"minecraft:scaffolding":3,"minecraft:birch_boat":9,"minecraft:pumpkin":7,"minecraft:tuff_brick_stairs":5,"minecraft:brush":1,"minecraft:quartz":162,"minecraft:dandelion":4,"minecraft:lava_bucket":2,"minecraft:amethyst_shard":103,"minecraft:soul_torch":5,"minecraft:blast_furnace":9,"minecraft:white_bed":18,"minecraft:spider_eye":11,"minecraft:pumpkin_seeds":4,"minecraft:iron_helmet":6,"minecraft:cherry_sapling":49,"minecraft:chiseled_tuff_bricks":18,"minecraft:coal":132},"minecraft:killed_by":{"minecraft:piglin_brute":1,"minecraft:warden":2,"minecraft:witch":1,"minecraft:player":9},"minecraft:killed":{"minecraft:cave_spider":1,"minecraft:cod":5,"minecraft:skeleton":167,"minecraft:chicken":6,"minecraft:salmon":8,"minecraft:pillager":8,"minecraft:zombie":109,"minecraft:glow_squid":1,"minecraft:cow":23,"minecraft:vindicator":3,"minecraft:horse":3,"minecraft:husk":9,"minecraft:ravager":2,"minecraft:breeze":2,"minecraft:enderman":5,"minecraft:witch":1,"minecraft:spider":39,"minecraft:turtle":3,"minecraft:piglin_brute":1,"minecraft:piglin":12,"minecraft:pig":5,"minecraft:zombie_villager":2,"minecraft:creeper":13,"minecraft:sheep":16,"minecraft:trader_llama":1,"minecraft:stray":47,"minecraft:ghast":3,"minecraft:slime":55,"minecraft:phantom":9,"minecraft:drowned":7,"minecraft:bat":1,"minecraft:hoglin":5,"minecraft:player":11},"minecraft:used":{"minecraft:peony":1,"minecraft:tuff_bricks":508,"minecraft:moss_block":17,"minecraft:poppy":3,"minecraft:chest":15,"minecraft:stone":8,"minecraft:rotten_flesh":35,"minecraft:soul_sand":83,"minecraft:lava_bucket":26,"minecraft:quartz_block":4,"minecraft:bow":157,"minecraft:ominous_bottle":3,"minecraft:furnace":23,"minecraft:cooked_cod":2,"minecraft:egg":17,"minecraft:potato":202,"minecraft:deepslate_brick_wall":30,"minecraft:diorite":5,"minecraft:stripped_birch_log":4,"minecraft:blackstone":59,"minecraft:glow_berries":1,"minecraft:sand":7,"minecraft:blast_furnace":12,"minecraft:netherite_helmet":1,"minecraft:birch_fence":1,"minecraft:deepslate_tiles":16,"minecraft:tuff_brick_stairs":29,"minecraft:lilac":1,"minecraft:soul_lantern":2,"minecraft:chiseled_tuff_bricks":35,"minecraft:diamond_sword":1598,"minecraft:poisonous_potato":3,"minecraft:smithing_table":2,"minecraft:birch_log":55,"minecraft:pink_stained_glass":4,"minecraft:enchanting_table":2,"minecraft:stone_sword":78,"minecraft:cooked_salmon":4,"minecraft:trial_key":20,"minecraft:netherrack":2350,"minecraft:torch":179,"minecraft:brewing_stand":2,"minecraft:anvil":4,"minecraft:stone_stairs":2,"minecraft:polished_diorite":2,"minecraft:shroomlight":5,"minecraft:rooted_dirt":75,"minecraft:iron_axe":910,"minecraft:cherry_slab":25,"minecraft:bamboo_hanging_sign":1,"minecraft:cherry_fence_gate":11,"minecraft:pink_stained_glass_pane":19,"minecraft:barrel":7,"minecraft:bamboo":6,"minecraft:smooth_basalt":2,"minecraft:basalt":161,"minecraft:beef":2,"minecraft:cherry_fence":71,"minecraft:cobbled_deepslate":291,"minecraft:cherry_log":127,"minecraft:calcite":8,"minecraft:wheat_seeds":189,"minecraft:water_bucket":187,"minecraft:birch_planks":512,"minecraft:waxed_oxidized_cut_copper":1,"minecraft:cherry_planks":406,"minecraft:deepslate_bricks":40,"minecraft:polished_blackstone_bricks":41,"minecraft:tnt":2,"minecraft:crafting_table":27,"minecraft:white_bed":21,"minecraft:campfire":1,"minecraft:deepslate_tile_wall":2,"minecraft:oak_log":4,"minecraft:diamond_pickaxe":28254,"minecraft:diamond_shovel":1789,"minecraft:wind_charge":5,"minecraft:iron_pickaxe":2653,"minecraft:cobblestone":382,"minecraft:potion":2,"minecraft:cooked_porkchop":18,"minecraft:glass_pane":65,"minecraft:brush":15,"minecraft:dandelion":3,"minecraft:jukebox":1,"minecraft:cherry_sapling":2,"minecraft:iron_shovel":727,"minecraft:polished_deepslate":1,"minecraft:shield":98,"minecraft:iron_sword":250,"minecraft:carrot":144,"minecraft:waxed_copper_grate":4,"minecraft:tuff":31,"minecraft:beehive":1,"minecraft:axolotl_bucket":1,"minecraft:obsidian":17,"minecraft:honey_bottle":6,"minecraft:glass":117,"minecraft:waxed_oxidized_copper_grate":1,"minecraft:polished_blackstone_brick_wall":1,"minecraft:stone_bricks":4,"minecraft:golden_sword":1,"minecraft:red_carpet":9,"minecraft:magma_block":17,"minecraft:hay_block":1,"minecraft:scaffolding":9,"minecraft:stone_pickaxe":255,"minecraft:oak_planks":219,"minecraft:ender_pearl":1,"minecraft:sugar_cane":14,"minecraft:diamond_axe":836,"minecraft:white_wool":2,"minecraft:crossbow":88,"minecraft:shears":3,"minecraft:polished_tuff":5,"minecraft:birch_fence_gate":1,"minecraft:string":11,"minecraft:bread":41,"minecraft:gravel":124,"minecraft:grindstone":1,"minecraft:stripped_cherry_log":39,"minecraft:bone_meal":110,"minecraft:golden_pickaxe":24,"minecraft:flint_and_steel":54,"minecraft:stone_shovel":338,"minecraft:stone_hoe":56,"minecraft:cooked_chicken":5,"minecraft:dirt":1630,"minecraft:spyglass":57,"minecraft:white_carpet":21,"minecraft:cobblestone_wall":3,"minecraft:granite":21,"minecraft:birch_door":3,"minecraft:bookshelf":17,"minecraft:oak_stairs":75,"minecraft:crimson_slab":61,"minecraft:cherry_trapdoor":23,"minecraft:red_candle":3,"minecraft:polished_blackstone_brick_stairs":19,"minecraft:crimson_planks":111,"minecraft:golden_carrot":1,"minecraft:waxed_cut_copper_slab":1,"minecraft:soul_soil":82,"minecraft:deepslate_tile_stairs":1,"minecraft:netherite_pickaxe":969,"minecraft:stone_pressure_plate":4,"minecraft:cooked_beef":24,"minecraft:pumpkin":1,"minecraft:iron_leggings":1,"minecraft:cooked_mutton":13,"minecraft:amethyst_block":45,"minecraft:cobblestone_stairs":85,"minecraft:baked_potato":189,"minecraft:birch_boat":13,"minecraft:stonecutter":3,"minecraft:smoker":6,"minecraft:wooden_hoe":136,"minecraft:flower_pot":6,"minecraft:cherry_door":1,"minecraft:map":1,"minecraft:stone_slab":1,"minecraft:tuff_brick_slab":7,"minecraft:stone_axe":56,"minecraft:pink_petals":71,"minecraft:fishing_rod":8,"minecraft:cherry_stairs":426,"minecraft:bucket":216,"minecraft:splash_potion":1,"minecraft:birch_stairs":25},"minecraft:custom":{"minecraft:interact_with_crafting_table":282,"minecraft:open_barrel":12,"minecraft:bell_ring":7,"minecraft:leave_game":33,"minecraft:time_since_death":173690,"minecraft:damage_blocked_by_shield":2805,"minecraft:play_time":1672059,"minecraft:deaths":35,"minecraft:jump":24167,"minecraft:enchant_item":34,"minecraft:interact_with_furnace":230,"minecraft:play_record":2,"minecraft:sleep_in_bed":29,"minecraft:damage_dealt":98012,"minecraft:interact_with_smoker":65,"minecraft:inspect_dispenser":37,"minecraft:horse_one_cm":33574,"minecraft:interact_with_smithing_table":82,"minecraft:interact_with_anvil":24,"minecraft:sneak_time":92911,"minecraft:interact_with_blast_furnace":91,"minecraft:total_world_time":1672059,"minecraft:interact_with_stonecutter":17,"minecraft:time_since_rest":172664,"minecraft:swim_one_cm":483890,"minecraft:fly_one_cm":3494930,"minecraft:open_chest":1266,"minecraft:fish_caught":2,"minecraft:fall_one_cm":528332,"minecraft:animals_bred":10,"minecraft:sprint_one_cm":3314158,"minecraft:drop":645,"minecraft:talked_to_villager":3,"minecraft:interact_with_brewingstand":1,"minecraft:walk_on_water_one_cm":219380,"minecraft:player_kills":11,"minecraft:crouch_one_cm":348688,"minecraft:mob_kills":599,"minecraft:climb_one_cm":20126,"minecraft:walk_one_cm":6185156,"minecraft:raid_win":3,"minecraft:walk_under_water_one_cm":224166,"minecraft:boat_one_cm":767330,"minecraft:raid_trigger":2,"minecraft:pot_flower":4,"minecraft:interact_with_grindstone":7,"minecraft:damage_taken":18134}},"DataVersion":3953}