{"stats":{"minecraft:mined":{"minecraft:white_bed":10,"minecraft:cherry_log":15,"minecraft:obsidian":18,"minecraft:potted_dead_bush":1,"minecraft:granite":26,"minecraft:chiseled_polished_blackstone":1,"minecraft:deepslate_bricks":20,"minecraft:chiseled_tuff_bricks":14,"minecraft:nether_wart":5,"minecraft:spawner":3,"minecraft:polished_blackstone_bricks":15,"minecraft:tall_seagrass":2,"minecraft:magma_block":48,"minecraft:cobbled_deepslate":31,"minecraft:fire":101,"minecraft:waxed_oxidized_copper_bulb":1,"minecraft:pumpkin":3,"minecraft:moss_carpet":1,"minecraft:deepslate_lapis_ore":4,"minecraft:sculk_shrieker":8,"minecraft:cave_vines":6,"minecraft:water_cauldron":3,"minecraft:oak_stairs":11,"minecraft:small_amethyst_bud":1,"minecraft:kelp_plant":5,"minecraft:deepslate_brick_wall":8,"minecraft:crimson_nylium":3,"minecraft:amethyst_cluster":22,"minecraft:soul_fire":30,"minecraft:powder_snow":7,"minecraft:torch":8,"minecraft:glass":4,"minecraft:sugar_cane":58,"minecraft:amethyst_block":26,"minecraft:chain":8,"minecraft:light_gray_stained_glass":2,"minecraft:wheat":156,"minecraft:waxed_copper_block":19,"minecraft:birch_door":1,"minecraft:smooth_basalt":8,"minecraft:deepslate":308,"minecraft:deepslate_tiles":7,"minecraft:stripped_birch_log":6,"minecraft:birch_fence_gate":2,"minecraft:moss_block":16,"minecraft:kelp":1,"minecraft:waxed_oxidized_cut_copper":4,"minecraft:waxed_copper_grate":10,"minecraft:andesite":4,"minecraft:big_dripleaf_stem":1,"minecraft:chiseled_tuff":2,"minecraft:potatoes":181,"minecraft:bamboo":12,"minecraft:white_wool":1,"minecraft:birch_stairs":1,"minecraft:glass_pane":11,"minecraft:hanging_roots":1,"minecraft:soul_sand":183,"minecraft:dandelion":4,"minecraft:short_grass":96,"minecraft:crimson_slab":3,"minecraft:campfire":1,"minecraft:tall_grass":24,"minecraft:copper_ore":6,"minecraft:deepslate_gold_ore":37,"minecraft:diorite":23,"minecraft:birch_leaves":41,"minecraft:gravel":782,"minecraft:cobweb":23,"minecraft:fern":13,"minecraft:waxed_cut_copper_slab":1,"minecraft:large_amethyst_bud":2,"minecraft:cobblestone_stairs":40,"minecraft:sculk_vein":14,"minecraft:brewing_stand":1,"minecraft:cave_vines_plant":3,"minecraft:budding_amethyst":2,"minecraft:grass_block":717,"minecraft:cracked_polished_blackstone_bricks":8,"minecraft:white_concrete":1,"minecraft:soul_soil":54,"minecraft:composter":2,"minecraft:tuff_bricks":73,"minecraft:glowstone":4,"minecraft:sculk_catalyst":1,"minecraft:iron_ore":106,"minecraft:polished_tuff":7,"minecraft:anvil":1,"minecraft:azalea":3,"minecraft:blackstone":575,"minecraft:clay":4,"minecraft:calcite":10,"minecraft:poppy":4,"minecraft:chest":2,"minecraft:nether_quartz_ore":137,"minecraft:cobblestone":226,"minecraft:oak_planks":176,"minecraft:wall_torch":1,"minecraft:pink_petals":7,"minecraft:red_candle":1,"minecraft:nether_wart_block":2,"minecraft:birch_log":382,"minecraft:waxed_oxidized_cut_copper_stairs":1,"minecraft:oak_log":79,"minecraft:waxed_oxidized_copper":7,"minecraft:sand":122,"minecraft:dirt":217,"minecraft:netherrack":26617,"minecraft:ancient_debris":55,"minecraft:oak_leaves":28,"minecraft:nether_gold_ore":74,"minecraft:diamond_ore":9,"minecraft:tuff":47,"minecraft:deepslate_diamond_ore":267,"minecraft:decorated_pot":25,"minecraft:rooted_dirt":87,"minecraft:crimson_stem":10,"minecraft:spore_blossom":2,"minecraft:furnace":9,"minecraft:carrots":142,"minecraft:peony":4,"minecraft:gold_block":2,"minecraft:deepslate_iron_ore":167,"minecraft:stone":464,"minecraft:scaffolding":3,"minecraft:flowering_azalea":1,"minecraft:basalt":1444,"minecraft:crafting_table":8,"minecraft:sculk_sensor":6,"minecraft:sculk":5,"minecraft:birch_planks":149,"minecraft:waxed_oxidized_copper_grate":1,"minecraft:beehive":1,"minecraft:sweet_berry_bush":15,"minecraft:bee_nest":1,"minecraft:coal_ore":47,"minecraft:cherry_leaves":4,"minecraft:flower_pot":1,"minecraft:small_dripleaf":3},"minecraft:used":{"minecraft:peony":1,"minecraft:moss_block":17,"minecraft:tuff_bricks":18,"minecraft:poppy":3,"minecraft:chest":13,"minecraft:rotten_flesh":35,"minecraft:soul_sand":2,"minecraft:lava_bucket":26,"minecraft:bow":74,"minecraft:ominous_bottle":3,"minecraft:furnace":13,"minecraft:cooked_cod":2,"minecraft:egg":15,"minecraft:potato":202,"minecraft:deepslate_brick_wall":30,"minecraft:diorite":5,"minecraft:stripped_birch_log":4,"minecraft:blackstone":59,"minecraft:glow_berries":1,"minecraft:sand":7,"minecraft:blast_furnace":3,"minecraft:netherite_helmet":1,"minecraft:deepslate_tiles":15,"minecraft:lilac":1,"minecraft:chiseled_tuff_bricks":7,"minecraft:diamond_sword":1463,"minecraft:smithing_table":1,"minecraft:poisonous_potato":3,"minecraft:birch_log":55,"minecraft:enchanting_table":1,"minecraft:stone_sword":78,"minecraft:cooked_salmon":4,"minecraft:netherrack":2201,"minecraft:trial_key":20,"minecraft:torch":54,"minecraft:brewing_stand":1,"minecraft:anvil":2,"minecraft:iron_axe":910,"minecraft:rooted_dirt":75,"minecraft:bamboo_hanging_sign":1,"minecraft:smooth_basalt":2,"minecraft:bamboo":2,"minecraft:basalt":161,"minecraft:beef":2,"minecraft:cobbled_deepslate":277,"minecraft:wheat_seeds":175,"minecraft:water_bucket":157,"minecraft:birch_planks":494,"minecraft:waxed_oxidized_cut_copper":1,"minecraft:deepslate_bricks":40,"minecraft:polished_blackstone_bricks":10,"minecraft:tnt":2,"minecraft:crafting_table":24,"minecraft:campfire":1,"minecraft:white_bed":12,"minecraft:oak_log":4,"minecraft:diamond_pickaxe":28254,"minecraft:diamond_shovel":876,"minecraft:wind_charge":5,"minecraft:iron_pickaxe":2653,"minecraft:cobblestone":382,"minecraft:potion":1,"minecraft:cooked_porkchop":15,"minecraft:glass_pane":27,"minecraft:brush":14,"minecraft:dandelion":3,"minecraft:jukebox":1,"minecraft:cherry_sapling":2,"minecraft:iron_shovel":727,"minecraft:shield":95,"minecraft:iron_sword":250,"minecraft:carrot":144,"minecraft:waxed_copper_grate":4,"minecraft:tuff":21,"minecraft:beehive":1,"minecraft:axolotl_bucket":1,"minecraft:obsidian":17,"minecraft:honey_bottle":6,"minecraft:glass":117,"minecraft:waxed_oxidized_copper_grate":1,"minecraft:stone_bricks":4,"minecraft:golden_sword":1,"minecraft:magma_block":17,"minecraft:scaffolding":9,"minecraft:stone_pickaxe":255,"minecraft:oak_planks":219,"minecraft:ender_pearl":1,"minecraft:diamond_axe":20,"minecraft:sugar_cane":14,"minecraft:white_wool":1,"minecraft:crossbow":59,"minecraft:shears":2,"minecraft:polished_tuff":5,"minecraft:birch_fence_gate":1,"minecraft:bread":33,"minecraft:gravel":114,"minecraft:bone_meal":75,"minecraft:golden_pickaxe":8,"minecraft:flint_and_steel":19,"minecraft:stone_shovel":338,"minecraft:stone_hoe":56,"minecraft:dirt":966,"minecraft:spyglass":43,"minecraft:white_carpet":2,"minecraft:granite":21,"minecraft:birch_door":3,"minecraft:bookshelf":6,"minecraft:oak_stairs":75,"minecraft:crimson_slab":61,"minecraft:red_candle":3,"minecraft:golden_carrot":1,"minecraft:waxed_cut_copper_slab":1,"minecraft:soul_soil":7,"minecraft:netherite_pickaxe":100,"minecraft:cooked_beef":11,"minecraft:iron_leggings":1,"minecraft:cooked_mutton":4,"minecraft:amethyst_block":29,"minecraft:cobblestone_stairs":85,"minecraft:baked_potato":181,"minecraft:birch_boat":13,"minecraft:stonecutter":1,"minecraft:smoker":2,"minecraft:flower_pot":1,"minecraft:map":1,"minecraft:stone_axe":56,"minecraft:pink_petals":6,"minecraft:fishing_rod":8,"minecraft:bucket":185,"minecraft:splash_potion":1,"minecraft:birch_stairs":25},"minecraft:broken":{"minecraft:golden_boots":1,"minecraft:diamond_pickaxe":10,"minecraft:iron_sword":1,"minecraft:iron_axe":2,"minecraft:iron_pickaxe":9,"minecraft:iron_helmet":1,"minecraft:netherite_boots":1,"minecraft:iron_shovel":2,"minecraft:stone_pickaxe":1,"minecraft:stone_shovel":2},"minecraft:crafted":{"minecraft:smooth_stone":10,"minecraft:birch_boat":6,"minecraft:birch_slab":42,"minecraft:bookshelf":6,"minecraft:cooked_mutton":16,"minecraft:glass":72,"minecraft:quartz_block":4,"minecraft:diamond_helmet":3,"minecraft:diamond_leggings":3,"minecraft:netherite_boots":5,"minecraft:birch_door":9,"minecraft:cooked_porkchop":14,"minecraft:smithing_table":1,"minecraft:copper_ingot":12,"minecraft:campfire":1,"minecraft:bolt_armor_trim_smithing_template":2,"minecraft:iron_pickaxe":18,"minecraft:iron_block":3,"minecraft:gold_ingot":75,"minecraft:netherite_ingot":12,"minecraft:birch_stairs":24,"minecraft:stone_shovel":2,"minecraft:jukebox":1,"minecraft:spyglass":2,"minecraft:bone_meal":75,"minecraft:white_carpet":3,"minecraft:deepslate_brick_wall":6,"minecraft:stone_pickaxe":2,"minecraft:diamond_boots":3,"minecraft:netherite_pickaxe":1,"minecraft:enchanting_table":1,"minecraft:crimson_slab":72,"minecraft:deepslate_tiles":8,"minecraft:oak_stairs":104,"minecraft:iron_shovel":3,"minecraft:iron_leggings":1,"minecraft:white_bed":4,"minecraft:oak_planks":260,"minecraft:stone":17,"minecraft:cobblestone_stairs":76,"minecraft:iron_boots":1,"minecraft:chest":11,"minecraft:polished_basalt":4,"minecraft:netherite_helmet":5,"minecraft:copper_block":1,"minecraft:netherite_upgrade_smithing_template":38,"minecraft:stone_hoe":1,"minecraft:stone_bricks":4,"minecraft:smoker":2,"minecraft:crafting_table":18,"minecraft:baked_potato":338,"minecraft:iron_helmet":3,"minecraft:birch_planks":612,"minecraft:book":19,"minecraft:iron_chestplate":4,"minecraft:paper":63,"minecraft:charcoal":46,"minecraft:diamond_pickaxe":16,"minecraft:shield":4,"minecraft:stick":68,"minecraft:iron_ingot":220,"minecraft:stone_sword":1,"minecraft:deepslate_bricks":40,"minecraft:shears":1,"minecraft:cherry_planks":60,"minecraft:beehive":1,"minecraft:furnace":9,"minecraft:blast_furnace":3,"minecraft:glass_pane":32,"minecraft:flint_and_steel":1,"minecraft:netherite_chestplate":6,"minecraft:netherite_leggings":4,"minecraft:polished_deepslate":40,"minecraft:iron_axe":5,"minecraft:netherite_scrap":59,"minecraft:cooked_beef":29,"minecraft:red_dye":1,"minecraft:crimson_planks":40,"minecraft:cooked_cod":3,"minecraft:diamond_sword":1,"minecraft:iron_sword":2,"minecraft:cooked_salmon":4,"minecraft:bucket":3,"minecraft:stone_axe":1,"minecraft:amethyst_block":16,"minecraft:air":0,"minecraft:bread":23,"minecraft:stonecutter":1,"minecraft:anvil":1,"minecraft:coast_armor_trim_smithing_template":2,"minecraft:torch":32,"minecraft:diamond_chestplate":2},"minecraft:killed_by":{"minecraft:piglin_brute":1,"minecraft:warden":2,"minecraft:witch":1},"minecraft:dropped":{"minecraft:iron_sword":1,"minecraft:lapis_lazuli":54,"minecraft:glass_bottle":2,"minecraft:diamond":90,"minecraft:spore_blossom":1,"minecraft:cooked_porkchop":1,"minecraft:crossbow":4,"minecraft:dirt":31,"minecraft:netherite_boots":3,"minecraft:gold_nugget":23,"minecraft:bone_block":1,"minecraft:bolt_armor_trim_smithing_template":3,"minecraft:iron_pickaxe":4,"minecraft:white_wool":7,"minecraft:bone":117,"minecraft:stone_axe":1,"minecraft:sugar_cane":1,"minecraft:ancient_debris":2,"minecraft:iron_nugget":14,"minecraft:cobbled_deepslate":1,"minecraft:wheat":2,"minecraft:rotten_flesh":32,"minecraft:oak_planks":96,"minecraft:waxed_copper_block":1,"minecraft:tipped_arrow":8,"minecraft:leather_boots":2,"minecraft:beef":1,"minecraft:egg":4,"minecraft:wheat_seeds":43,"minecraft:netherite_chestplate":4,"minecraft:netherite_helmet":3,"minecraft:iron_helmet":3,"minecraft:cobblestone":104,"minecraft:waxed_copper_grate":3,"minecraft:apple":1,"minecraft:granite":18,"minecraft:lava_bucket":2,"minecraft:cherry_planks":4,"minecraft:cooked_salmon":2,"minecraft:dead_bush":1,"minecraft:smooth_stone":2,"minecraft:paper":18,"minecraft:string":19,"minecraft:moss_carpet":10,"minecraft:soul_soil":24,"minecraft:netherite_ingot":1,"minecraft:stone_sword":2,"minecraft:iron_boots":1,"minecraft:diamond_sword":1,"minecraft:big_dripleaf":4,"minecraft:potato":4,"minecraft:peony":5,"minecraft:diamond_pickaxe":7,"minecraft:spider_eye":1,"minecraft:bow":5,"minecraft:magma_block":11,"minecraft:guster_pottery_sherd":2,"minecraft:soul_sand":51,"minecraft:birch_planks":80,"minecraft:baked_potato":134,"minecraft:leather":14,"minecraft:flint":1,"minecraft:netherite_scrap":10,"minecraft:mutton":2,"minecraft:coast_armor_trim_smithing_template":2,"minecraft:seagrass":2,"minecraft:cooked_cod":2,"minecraft:amethyst_shard":38,"minecraft:axolotl_bucket":1,"minecraft:polished_blackstone_bricks":2,"minecraft:birch_log":28,"minecraft:gold_ingot":34,"minecraft:gravel":95,"minecraft:blackstone":139,"minecraft:spyglass":3,"minecraft:beehive":1,"minecraft:cooked_mutton":12,"minecraft:honey_bottle":2,"minecraft:carrot":23,"minecraft:birch_fence_gate":3,"minecraft:poppy":2,"minecraft:beetroot_seeds":2,"minecraft:birch_door":6,"minecraft:azalea":2,"minecraft:basalt":2,"minecraft:arrow":50,"minecraft:scaffolding":3,"minecraft:quartz":19,"minecraft:netherrack":5946,"minecraft:bread":1,"minecraft:water_bucket":5,"minecraft:poisonous_potato":6,"minecraft:stick":6,"minecraft:diorite":5,"minecraft:nether_wart_block":2,"minecraft:map":1,"minecraft:iron_leggings":1,"minecraft:iron_axe":1,"minecraft:pink_petals":3,"minecraft:dandelion":1,"minecraft:kelp":2,"minecraft:tuff_bricks":1,"minecraft:raw_iron":6,"minecraft:light_gray_wool":3,"minecraft:netherite_leggings":2,"minecraft:filled_map":7,"minecraft:trial_key":3,"minecraft:iron_chestplate":3,"minecraft:andesite":4,"minecraft:oak_sapling":1,"minecraft:raw_gold":6,"minecraft:magma_cream":1,"minecraft:brick":64},"minecraft:custom":{"minecraft:interact_with_crafting_table":241,"minecraft:open_barrel":12,"minecraft:bell_ring":7,"minecraft:leave_game":26,"minecraft:time_since_death":414329,"minecraft:damage_blocked_by_shield":2715,"minecraft:play_time":1357725,"minecraft:deaths":14,"minecraft:jump":19783,"minecraft:enchant_item":34,"minecraft:interact_with_furnace":227,"minecraft:play_record":2,"minecraft:sleep_in_bed":27,"minecraft:damage_dealt":89772,"minecraft:interact_with_smoker":46,"minecraft:inspect_dispenser":37,"minecraft:horse_one_cm":24923,"minecraft:interact_with_smithing_table":81,"minecraft:interact_with_anvil":22,"minecraft:sneak_time":76917,"minecraft:interact_with_blast_furnace":89,"minecraft:total_world_time":1357725,"minecraft:interact_with_stonecutter":5,"minecraft:time_since_rest":30705,"minecraft:swim_one_cm":482738,"minecraft:fly_one_cm":2752289,"minecraft:open_chest":848,"minecraft:fish_caught":2,"minecraft:fall_one_cm":440292,"minecraft:animals_bred":10,"minecraft:sprint_one_cm":2668496,"minecraft:drop":586,"minecraft:talked_to_villager":3,"minecraft:walk_on_water_one_cm":203852,"minecraft:crouch_one_cm":285853,"minecraft:mob_kills":557,"minecraft:climb_one_cm":19958,"minecraft:walk_one_cm":4878437,"minecraft:raid_win":3,"minecraft:walk_under_water_one_cm":214407,"minecraft:boat_one_cm":767330,"minecraft:raid_trigger":2,"minecraft:pot_flower":1,"minecraft:interact_with_grindstone":7,"minecraft:damage_taken":13824},"minecraft:killed":{"minecraft:cave_spider":1,"minecraft:cod":5,"minecraft:skeleton":159,"minecraft:salmon":8,"minecraft:pillager":8,"minecraft:zombie":107,"minecraft:glow_squid":1,"minecraft:cow":17,"minecraft:vindicator":3,"minecraft:horse":3,"minecraft:husk":9,"minecraft:ravager":2,"minecraft:breeze":2,"minecraft:enderman":2,"minecraft:witch":1,"minecraft:spider":39,"minecraft:turtle":3,"minecraft:piglin_brute":1,"minecraft:piglin":12,"minecraft:pig":3,"minecraft:zombie_villager":2,"minecraft:creeper":9,"minecraft:sheep":13,"minecraft:stray":47,"minecraft:slime":55,"minecraft:phantom":8,"minecraft:drowned":7,"minecraft:bat":1,"minecraft:hoglin":3},"minecraft:picked_up":{"minecraft:iron_chestplate":6,"minecraft:seagrass":2,"minecraft:birch_door":2,"minecraft:flower_pot":1,"minecraft:anvil":1,"minecraft:diamond_sword":1,"minecraft:oak_stairs":11,"minecraft:enchanted_book":3,"minecraft:brewing_stand":1,"minecraft:golden_sword":1,"minecraft:amethyst_block":24,"minecraft:soul_soil":58,"minecraft:string":97,"minecraft:cooked_salmon":6,"minecraft:diamond_leggings":1,"minecraft:gold_nugget":230,"minecraft:cobbled_deepslate":523,"minecraft:trial_key":36,"minecraft:beehive":1,"minecraft:composter":2,"minecraft:big_dripleaf":4,"minecraft:cherry_log":21,"minecraft:waxed_copper_grate":7,"minecraft:cauldron":3,"minecraft:stone_sword":3,"minecraft:honey_bottle":5,"minecraft:tropical_fish":1,"minecraft:netherite_chestplate":2,"minecraft:birch_log":391,"minecraft:magma_block":52,"minecraft:feather":3,"minecraft:cooked_beef":1,"minecraft:water_bucket":5,"minecraft:flint":67,"minecraft:map":1,"minecraft:lantern":1,"minecraft:guster_banner_pattern":1,"minecraft:diamond_helmet":1,"minecraft:glowstone_dust":27,"minecraft:moss_block":40,"minecraft:honeycomb":6,"minecraft:birch_fence_gate":2,"minecraft:granite":90,"minecraft:bread":86,"minecraft:rooted_dirt":87,"minecraft:diamond_pickaxe":9,"minecraft:crafting_table":9,"minecraft:ominous_bottle":4,"minecraft:nether_wart":15,"minecraft:clay_ball":4,"minecraft:golden_pickaxe":1,"minecraft:wind_charge":5,"minecraft:flint_and_steel":2,"minecraft:iron_shovel":1,"minecraft:glass_pane":7,"minecraft:beef":35,"minecraft:iron_nugget":42,"minecraft:poppy":7,"minecraft:guster_pottery_sherd":2,"minecraft:chest":2,"minecraft:birch_sapling":36,"minecraft:egg":21,"minecraft:stone":1,"minecraft:flow_pottery_sherd":1,"minecraft:carrot":398,"minecraft:redstone":101,"minecraft:music_disc_creator_music_box":1,"minecraft:tnt":2,"minecraft:stone_shovel":2,"minecraft:diamond_chestplate":2,"minecraft:cooked_cod":3,"minecraft:decorated_pot":2,"minecraft:beetroot_seeds":2,"minecraft:peony":17,"minecraft:deepslate_bricks":20,"minecraft:diamond_boots":1,"minecraft:gold_ingot":2,"minecraft:tuff_bricks":39,"minecraft:glow_berries":24,"minecraft:mutton":23,"minecraft:bone_block":7,"minecraft:white_wool":26,"minecraft:filled_map":6,"minecraft:oak_log":90,"minecraft:ancient_debris":64,"minecraft:golden_boots":1,"minecraft:paper":26,"minecraft:white_banner":1,"minecraft:apple":1,"minecraft:kelp":34,"minecraft:spore_blossom":3,"minecraft:stone_pickaxe":4,"minecraft:glass_bottle":1,"minecraft:iron_sword":5,"minecraft:smooth_basalt":9,"minecraft:sweet_berries":39,"minecraft:spyglass":2,"minecraft:gravel":467,"minecraft:birch_stairs":2,"minecraft:polished_tuff":6,"minecraft:slime_ball":36,"minecraft:stone_axe":4,"minecraft:diamond_axe":1,"minecraft:gray_wool":2,"minecraft:baked_potato":70,"minecraft:ender_pearl":2,"minecraft:wheat":114,"minecraft:potion":4,"minecraft:gilded_blackstone":6,"minecraft:waxed_cut_copper_slab":1,"minecraft:raw_copper":18,"minecraft:iron_leggings":5,"minecraft:red_candle":3,"minecraft:netherite_ingot":6,"minecraft:deepslate_tiles":7,"minecraft:smooth_stone":1,"minecraft:bucket":1,"minecraft:azalea":4,"minecraft:calcite":10,"minecraft:iron_pickaxe":3,"minecraft:furnace":9,"minecraft:tipped_arrow":19,"minecraft:stick":51,"minecraft:deepslate_brick_wall":8,"minecraft:torch":27,"minecraft:porkchop":14,"minecraft:diorite":43,"minecraft:rotten_flesh":103,"minecraft:obsidian":22,"minecraft:cod":3,"minecraft:cobblestone":906,"minecraft:pink_petals":11,"minecraft:lilac":17,"minecraft:magma_cream":1,"minecraft:andesite":4,"minecraft:potato":493,"minecraft:tuff":50,"minecraft:dirt":996,"minecraft:lapis_lazuli":205,"minecraft:stripped_birch_log":6,"minecraft:name_tag":1,"minecraft:leather_boots":6,"minecraft:glass":11,"minecraft:bone":292,"minecraft:bow":22,"minecraft:wheat_seeds":353,"minecraft:raw_gold":52,"minecraft:bolt_armor_trim_smithing_template":2,"minecraft:bamboo":74,"minecraft:scrape_pottery_sherd":2,"minecraft:oak_planks":323,"minecraft:cooked_porkchop":2,"minecraft:axolotl_bucket":1,"minecraft:poisonous_potato":9,"minecraft:sand":118,"minecraft:dead_bush":2,"minecraft:diamond":410,"minecraft:netherite_helmet":1,"minecraft:waxed_oxidized_copper_grate":3,"minecraft:cracked_polished_blackstone_bricks":12,"minecraft:crossbow":9,"minecraft:breeze_rod":5,"minecraft:golden_apple":1,"minecraft:white_concrete":1,"minecraft:emerald":65,"minecraft:oak_sapling":5,"minecraft:netherrack":11038,"minecraft:charcoal":13,"minecraft:waxed_oxidized_cut_copper":2,"minecraft:wooden_pickaxe":2,"minecraft:gold_block":5,"minecraft:chain":8,"minecraft:brick":144,"minecraft:shield":6,"minecraft:moss_carpet":13,"minecraft:iron_axe":4,"minecraft:blackstone":438,"minecraft:light_gray_wool":8,"minecraft:sugar_cane":109,"minecraft:phantom_membrane":4,"minecraft:raw_iron":294,"minecraft:polished_blackstone_bricks":15,"minecraft:arrow":254,"minecraft:golden_hoe":1,"minecraft:saddle":1,"minecraft:netherite_boots":1,"minecraft:basalt":646,"minecraft:golden_carrot":3,"minecraft:glow_ink_sac":13,"minecraft:crimson_stem":10,"minecraft:salmon":6,"minecraft:leather":54,"minecraft:birch_planks":243,"minecraft:waxed_copper_bulb":2,"minecraft:waxed_copper_block":4,"minecraft:nether_wart_block":2,"minecraft:gunpowder":9,"minecraft:cobblestone_stairs":60,"minecraft:cooked_mutton":9,"minecraft:coast_armor_trim_smithing_template":9,"minecraft:iron_ingot":112,"minecraft:cooked_chicken":8,"minecraft:soul_sand":158,"minecraft:book":2,"minecraft:scaffolding":3,"minecraft:birch_boat":9,"minecraft:pumpkin":7,"minecraft:brush":1,"minecraft:quartz":162,"minecraft:dandelion":4,"minecraft:lava_bucket":2,"minecraft:amethyst_shard":103,"minecraft:white_bed":9,"minecraft:spider_eye":11,"minecraft:iron_helmet":6,"minecraft:cherry_sapling":4,"minecraft:chiseled_tuff_bricks":12,"minecraft:coal":91}},"DataVersion":3953}