{"stats":{"minecraft:broken":{"minecraft:golden_helmet":1,"minecraft:iron_boots":1,"minecraft:iron_chestplate":1,"minecraft:iron_leggings":1,"minecraft:iron_sword":1,"minecraft:netherite_leggings":1,"minecraft:netherite_helmet":2,"minecraft:flint_and_steel":2,"minecraft:wooden_pickaxe":2,"minecraft:golden_axe":1,"minecraft:iron_axe":1,"minecraft:iron_pickaxe":1,"minecraft:iron_helmet":1,"minecraft:netherite_boots":1},"minecraft:dropped":{"minecraft:guster_pottery_sherd":10,"minecraft:iron_sword":3,"minecraft:soul_sand":13,"minecraft:candle":4,"minecraft:birch_planks":9,"minecraft:ominous_bottle":1,"minecraft:lapis_lazuli":1,"minecraft:baked_potato":3,"minecraft:glass_bottle":2,"minecraft:diamond":30,"minecraft:spore_blossom":1,"minecraft:cooked_porkchop":2,"minecraft:decorated_pot":3,"minecraft:saddle":1,"minecraft:cod":1,"minecraft:dirt":64,"minecraft:brush":1,"minecraft:gold_nugget":3,"minecraft:sunflower":2,"minecraft:phantom_membrane":1,"minecraft:sand":2,"minecraft:polished_blackstone_bricks":5,"minecraft:white_wool":3,"minecraft:bone":1,"minecraft:gravel":10,"minecraft:blackstone":3,"minecraft:spyglass":1,"minecraft:chiseled_tuff_bricks":3,"minecraft:cobbled_deepslate":45,"minecraft:wheat":6,"minecraft:birch_sapling":23,"minecraft:cherry_sapling":4,"minecraft:beetroot":2,"minecraft:rotten_flesh":10,"minecraft:oak_planks":10,"minecraft:waxed_copper_block":7,"minecraft:carrot":22,"minecraft:poppy":1,"minecraft:gunpowder":4,"minecraft:hopper":1,"minecraft:beetroot_seeds":5,"minecraft:leather_boots":1,"minecraft:arrow":7,"minecraft:egg":1,"minecraft:netherrack":68,"minecraft:water_bucket":5,"minecraft:enchanted_book":2,"minecraft:golden_boots":2,"minecraft:iron_ingot":14,"minecraft:bread":1,"minecraft:wheat_seeds":75,"minecraft:cherry_log":35,"minecraft:waxed_oxidized_cut_copper_stairs":1,"minecraft:iron_helmet":1,"minecraft:feather":10,"minecraft:cobblestone":32,"minecraft:copper_ingot":1,"minecraft:coal":3,"minecraft:stick":9,"minecraft:diorite":2,"minecraft:torch":1,"minecraft:waxed_weathered_copper_bulb":4,"minecraft:repeater":1,"minecraft:brown_wool":1,"minecraft:cherry_planks":268,"minecraft:waxed_copper_bulb":1,"minecraft:cooked_salmon":1,"minecraft:potion":1,"minecraft:dead_bush":1,"minecraft:oak_stairs":2,"minecraft:pumpkin":1,"minecraft:smooth_stone":1,"minecraft:paper":29,"minecraft:string":11,"minecraft:bucket":1,"minecraft:dandelion":17,"minecraft:moss_carpet":5,"minecraft:kelp":3,"minecraft:tuff_bricks":7,"minecraft:soul_soil":2,"minecraft:soul_torch":1,"minecraft:chicken":1,"minecraft:white_carpet":2,"minecraft:light_gray_wool":1,"minecraft:ender_eye":6,"minecraft:name_tag":1,"minecraft:netherite_leggings":1,"minecraft:lily_of_the_valley":10,"minecraft:shield":1,"minecraft:peony":3,"minecraft:iron_chestplate":1,"minecraft:diamond_pickaxe":1,"minecraft:andesite":4,"minecraft:spider_eye":1,"minecraft:stripped_cherry_log":2,"minecraft:bamboo":1,"minecraft:bow":7,"minecraft:wooden_pickaxe":1,"minecraft:red_tulip":2,"minecraft:brick":26},"minecraft:mined":{"minecraft:white_bed":4,"minecraft:mossy_stone_brick_slab":1,"minecraft:sculk_vein":2,"minecraft:cherry_log":86,"minecraft:obsidian":3,"minecraft:potted_dead_bush":5,"minecraft:granite":15,"minecraft:grass_block":114,"minecraft:cracked_polished_blackstone_bricks":18,"minecraft:soul_soil":13,"minecraft:chiseled_tuff_bricks":2,"minecraft:hopper":2,"minecraft:oxeye_daisy":2,"minecraft:tuff_bricks":16,"minecraft:polished_blackstone_bricks":31,"minecraft:tall_seagrass":2,"minecraft:magma_block":12,"minecraft:glowstone":5,"minecraft:iron_ore":37,"minecraft:cobbled_deepslate":13,"minecraft:fire":51,"minecraft:polished_tuff":1,"minecraft:pumpkin":6,"minecraft:deepslate_lapis_ore":2,"minecraft:azure_bluet":1,"minecraft:pointed_dripstone":1,"minecraft:dirt_path":1,"minecraft:red_tulip":2,"minecraft:oak_stairs":5,"minecraft:tripwire":1,"minecraft:deepslate_redstone_ore":15,"minecraft:brown_mushroom":1,"minecraft:blackstone":58,"minecraft:kelp_plant":1,"minecraft:crimson_nylium":5,"minecraft:soul_fire":13,"minecraft:powder_snow":3,"minecraft:torch":1,"minecraft:poppy":10,"minecraft:chest":2,"minecraft:glass":3,"minecraft:nether_quartz_ore":36,"minecraft:cobblestone":9,"minecraft:oak_planks":21,"minecraft:sugar_cane":56,"minecraft:wall_torch":3,"minecraft:pink_petals":81,"minecraft:waxed_copper_bulb":5,"minecraft:repeater":4,"minecraft:birch_log":57,"minecraft:wheat":3,"minecraft:lilac":17,"minecraft:waxed_copper_block":2,"minecraft:birch_door":1,"minecraft:orange_tulip":5,"minecraft:oak_log":35,"minecraft:beetroots":1,"minecraft:waxed_oxidized_copper":3,"minecraft:sand":57,"minecraft:dirt":276,"minecraft:netherrack":982,"minecraft:oak_leaves":34,"minecraft:deepslate":197,"minecraft:nether_gold_ore":12,"minecraft:tuff":31,"minecraft:deepslate_diamond_ore":17,"minecraft:candle":1,"minecraft:cherry_sapling":1,"minecraft:stripped_cherry_log":1,"minecraft:decorated_pot":12,"minecraft:crimson_roots":2,"minecraft:kelp":2,"minecraft:waxed_oxidized_cut_copper":2,"minecraft:furnace":1,"minecraft:carrots":5,"minecraft:waxed_copper_grate":1,"minecraft:andesite":10,"minecraft:peony":12,"minecraft:gold_block":3,"minecraft:potatoes":4,"minecraft:deepslate_iron_ore":41,"minecraft:lantern":1,"minecraft:bamboo":1,"minecraft:waxed_weathered_copper_bulb":1,"minecraft:stone":289,"minecraft:white_tulip":1,"minecraft:cherry_stairs":15,"minecraft:bone_block":5,"minecraft:oak_slab":1,"minecraft:cherry_planks":12,"minecraft:comparator":1,"minecraft:soul_sand":7,"minecraft:lily_of_the_valley":6,"minecraft:soul_torch":1,"minecraft:basalt":6,"minecraft:stone_brick_slab":1,"minecraft:dandelion":23,"minecraft:crafting_table":2,"minecraft:cornflower":4,"minecraft:short_grass":121,"minecraft:dropper":1,"minecraft:sculk_sensor":5,"minecraft:tall_grass":14,"minecraft:lapis_ore":4,"minecraft:deepslate_gold_ore":5,"minecraft:polished_blackstone_brick_stairs":1,"minecraft:sculk":138,"minecraft:diorite":19,"minecraft:waxed_oxidized_copper_grate":4,"minecraft:birch_leaves":54,"minecraft:bee_nest":1,"minecraft:coal_ore":94,"minecraft:cherry_leaves":26,"minecraft:gravel":14,"minecraft:dripstone_block":4,"minecraft:cobweb":1,"minecraft:gold_ore":1},"minecraft:crafted":{"minecraft:oak_planks":128,"minecraft:cooked_chicken":4,"minecraft:birch_slab":6,"minecraft:stone":48,"minecraft:bookshelf":5,"minecraft:cooked_mutton":2,"minecraft:glass":82,"minecraft:hopper":3,"minecraft:repeater":4,"minecraft:comparator":2,"minecraft:chest":5,"minecraft:dropper":2,"minecraft:cooked_porkchop":5,"minecraft:diamond_axe":1,"minecraft:crafting_table":5,"minecraft:wooden_pickaxe":1,"minecraft:baked_potato":25,"minecraft:birch_planks":176,"minecraft:campfire":1,"minecraft:dispenser":1,"minecraft:book":16,"minecraft:paper":63,"minecraft:diamond_pickaxe":3,"minecraft:shield":2,"minecraft:stick":32,"minecraft:iron_ingot":39,"minecraft:gold_ingot":1,"minecraft:redstone_torch":14,"minecraft:golden_carrot":1,"minecraft:cherry_planks":328,"minecraft:furnace":2,"minecraft:flint_and_steel":2,"minecraft:cherry_trapdoor":4,"minecraft:cherry_stairs":38,"minecraft:stone_pickaxe":1,"minecraft:cooked_beef":2,"minecraft:diamond_sword":1,"minecraft:iron_sword":1,"minecraft:cooked_salmon":4,"minecraft:bucket":2,"minecraft:stone_axe":1,"minecraft:gold_nugget":9,"minecraft:birch_trapdoor":2,"minecraft:white_bed":2,"minecraft:torch":12},"minecraft:picked_up":{"minecraft:birch_door":1,"minecraft:iron_chestplate":8,"minecraft:wheat":10,"minecraft:flower_pot":5,"minecraft:lead":2,"minecraft:oak_stairs":2,"minecraft:potion":1,"minecraft:enchanted_book":4,"minecraft:string":9,"minecraft:soul_soil":11,"minecraft:cooked_salmon":1,"minecraft:iron_leggings":5,"minecraft:beetroot":2,"minecraft:diamond_leggings":1,"minecraft:cobbled_deepslate":342,"minecraft:gold_nugget":65,"minecraft:smooth_stone":1,"minecraft:comparator":1,"minecraft:bucket":5,"minecraft:eye_armor_trim_smithing_template":3,"minecraft:trial_key":4,"minecraft:ender_eye":6,"minecraft:iron_pickaxe":3,"minecraft:iron_boots":5,"minecraft:furnace":1,"minecraft:tipped_arrow":30,"minecraft:golden_helmet":2,"minecraft:stick":85,"minecraft:torch":6,"minecraft:porkchop":7,"minecraft:cherry_log":137,"minecraft:waxed_weathered_copper_bulb":5,"minecraft:diorite":13,"minecraft:honey_bottle":4,"minecraft:rotten_flesh":63,"minecraft:red_tulip":6,"minecraft:netherite_chestplate":2,"minecraft:blaze_rod":3,"minecraft:obsidian":11,"minecraft:cod":1,"minecraft:cobblestone":454,"minecraft:birch_log":61,"minecraft:pink_petals":195,"minecraft:magma_block":35,"minecraft:cooked_beef":2,"minecraft:feather":14,"minecraft:lilac":16,"minecraft:repeater":5,"minecraft:cherry_planks":29,"minecraft:water_bucket":6,"minecraft:andesite":14,"minecraft:brown_wool":3,"minecraft:potato":12,"minecraft:flint":1,"minecraft:lantern":1,"minecraft:netherite_leggings":3,"minecraft:lapis_lazuli":41,"minecraft:dirt":431,"minecraft:bone":56,"minecraft:bow":9,"minecraft:wheat_seeds":107,"minecraft:raw_gold":30,"minecraft:diamond_helmet":1,"minecraft:glowstone_dust":18,"minecraft:bamboo":3,"minecraft:oak_planks":38,"minecraft:poisonous_potato":2,"minecraft:dropper":1,"minecraft:sand":56,"minecraft:dead_bush":6,"minecraft:grass_block":1,"minecraft:lily_of_the_valley":10,"minecraft:diamond":82,"minecraft:netherite_helmet":2,"minecraft:granite":6,"minecraft:bone_meal":1,"minecraft:golden_apple":1,"minecraft:emerald":18,"minecraft:bread":10,"minecraft:oak_sapling":4,"minecraft:netherrack":394,"minecraft:diamond_pickaxe":3,"minecraft:charcoal":2,"minecraft:crafting_table":3,"minecraft:azure_bluet":1,"minecraft:ominous_bottle":3,"minecraft:chicken":7,"minecraft:wooden_pickaxe":3,"minecraft:gold_block":7,"minecraft:stripped_cherry_log":2,"minecraft:brick":45,"minecraft:shield":5,"minecraft:wind_charge":1,"minecraft:cornflower":4,"minecraft:moss_carpet":5,"minecraft:iron_axe":1,"minecraft:flint_and_steel":2,"minecraft:white_carpet":5,"minecraft:blackstone":48,"minecraft:candle":4,"minecraft:netherite_sword":1,"minecraft:beef":6,"minecraft:poppy":20,"minecraft:light_gray_wool":2,"minecraft:guster_pottery_sherd":10,"minecraft:sugar_cane":77,"minecraft:chest":4,"minecraft:birch_sapling":57,"minecraft:phantom_membrane":2,"minecraft:egg":43,"minecraft:raw_iron":95,"minecraft:stone":1,"minecraft:cherry_stairs":14,"minecraft:copper_ingot":25,"minecraft:polished_blackstone_bricks":16,"minecraft:carrot":89,"minecraft:redstone":42,"minecraft:arrow":238,"minecraft:diamond_chestplate":2,"minecraft:decorated_pot":6,"minecraft:beetroot_seeds":6,"minecraft:golden_hoe":2,"minecraft:peony":20,"minecraft:diamond_boots":1,"minecraft:waxed_oxidized_cut_copper_stairs":1,"minecraft:saddle":4,"minecraft:tuff_bricks":11,"minecraft:mutton":17,"minecraft:bone_block":6,"minecraft:white_wool":19,"minecraft:oxeye_daisy":2,"minecraft:netherite_boots":2,"minecraft:salmon":4,"minecraft:leather":7,"minecraft:birch_planks":145,"minecraft:waxed_copper_bulb":3,"minecraft:ancient_debris":2,"minecraft:oak_log":32,"minecraft:waxed_copper_block":7,"minecraft:golden_boots":3,"minecraft:gunpowder":6,"minecraft:paper":14,"minecraft:cooked_mutton":2,"minecraft:apple":1,"minecraft:kelp":6,"minecraft:spore_blossom":1,"minecraft:iron_ingot":52,"minecraft:cooked_chicken":2,"minecraft:glass_bottle":3,"minecraft:iron_sword":8,"minecraft:soul_sand":13,"minecraft:oak_slab":1,"minecraft:birch_boat":2,"minecraft:pumpkin":13,"minecraft:brush":2,"minecraft:quartz":33,"minecraft:dandelion":40,"minecraft:spyglass":1,"minecraft:gravel":30,"minecraft:lava_bucket":1,"minecraft:soul_torch":1,"minecraft:white_bed":3,"minecraft:spider_eye":2,"minecraft:slime_ball":2,"minecraft:stone_axe":1,"minecraft:iron_helmet":6,"minecraft:diamond_axe":1,"minecraft:painting":9,"minecraft:cherry_sapling":34,"minecraft:baked_potato":77,"minecraft:coal":144,"minecraft:chiseled_tuff_bricks":3,"minecraft:hopper":3,"minecraft:sunflower":2},"minecraft:killed_by":{"minecraft:wither_skeleton":1,"minecraft:piglin_brute":1,"minecraft:piglin":1,"minecraft:player":35,"minecraft:enderman":1,"minecraft:warden":3,"minecraft:skeleton":1},"minecraft:killed":{"minecraft:spider":9,"minecraft:cod":1,"minecraft:skeleton":35,"minecraft:bee":1,"minecraft:chicken":6,"minecraft:pig":4,"minecraft:salmon":3,"minecraft:creeper":2,"minecraft:sheep":11,"minecraft:pillager":3,"minecraft:zombie":17,"minecraft:stray":15,"minecraft:blaze":2,"minecraft:cow":3,"minecraft:phantom":3,"minecraft:horse":1,"minecraft:player":5,"minecraft:enderman":3},"minecraft:used":{"minecraft:peony":3,"minecraft:cherry_sapling":26,"minecraft:dispenser":1,"minecraft:poppy":4,"minecraft:chest":4,"minecraft:decorated_pot":3,"minecraft:shield":102,"minecraft:iron_sword":376,"minecraft:rotten_flesh":16,"minecraft:mutton":16,"minecraft:carrot":122,"minecraft:snowball":13,"minecraft:obsidian":5,"minecraft:glass":27,"minecraft:lava_bucket":9,"minecraft:grass_block":1,"minecraft:birch_sapling":2,"minecraft:netherite_boots":3,"minecraft:birch_trapdoor":2,"minecraft:repeater":8,"minecraft:magma_block":2,"minecraft:bow":24,"minecraft:ominous_bottle":2,"minecraft:furnace":3,"minecraft:beetroot_seeds":1,"minecraft:egg":44,"minecraft:potato":12,"minecraft:dropper":3,"minecraft:oak_planks":27,"minecraft:stone_pickaxe":81,"minecraft:wooden_pickaxe":84,"minecraft:sugar_cane":14,"minecraft:composter":2,"minecraft:diamond_axe":418,"minecraft:golden_apple":2,"minecraft:golden_hoe":3,"minecraft:netherite_leggings":1,"minecraft:crossbow":54,"minecraft:netherite_helmet":1,"minecraft:lingering_potion":2,"minecraft:birch_slab":1,"minecraft:bread":10,"minecraft:lilac":3,"minecraft:diamond_sword":372,"minecraft:andesite":10,"minecraft:birch_log":1,"minecraft:bone_meal":1,"minecraft:netherite_sword":24,"minecraft:flint_and_steel":135,"minecraft:redstone":8,"minecraft:cooked_salmon":4,"minecraft:trial_key":4,"minecraft:cooked_chicken":6,"minecraft:netherrack":253,"minecraft:torch":14,"minecraft:dirt":325,"minecraft:spyglass":8,"minecraft:white_carpet":1,"minecraft:hopper":5,"minecraft:golden_shovel":7,"minecraft:birch_door":1,"minecraft:bookshelf":5,"minecraft:iron_axe":8,"minecraft:cherry_trapdoor":3,"minecraft:bamboo":2,"minecraft:diamond_chestplate":3,"minecraft:golden_carrot":2,"minecraft:beef":4,"minecraft:cooked_beef":4,"minecraft:cobbled_deepslate":19,"minecraft:golden_axe":32,"minecraft:iron_leggings":1,"minecraft:cooked_mutton":4,"minecraft:wheat_seeds":3,"minecraft:water_bucket":59,"minecraft:birch_planks":18,"minecraft:glass_bottle":2,"minecraft:netherite_chestplate":2,"minecraft:baked_potato":65,"minecraft:birch_boat":3,"minecraft:cherry_planks":13,"minecraft:cauldron":1,"minecraft:salmon":2,"minecraft:comparator":3,"minecraft:oak_slab":3,"minecraft:crafting_table":8,"minecraft:white_bed":6,"minecraft:campfire":1,"minecraft:painting":9,"minecraft:flower_pot":5,"minecraft:diamond_pickaxe":1763,"minecraft:apple":1,"minecraft:wind_charge":1,"minecraft:chicken":2,"minecraft:iron_pickaxe":249,"minecraft:stone_axe":44,"minecraft:pink_petals":156,"minecraft:cherry_stairs":43,"minecraft:cobblestone":41,"minecraft:potion":2,"minecraft:porkchop":2,"minecraft:cooked_porkchop":3,"minecraft:bucket":71,"minecraft:brush":54,"minecraft:diamond_leggings":1,"minecraft:kelp":1,"minecraft:dandelion":10,"minecraft:splash_potion":6},"minecraft:custom":{"minecraft:animals_bred":9,"minecraft:interact_with_crafting_table":114,"minecraft:open_barrel":7,"minecraft:bell_ring":14,"minecraft:leave_game":37,"minecraft:time_since_death":105983,"minecraft:sprint_one_cm":1613429,"minecraft:damage_blocked_by_shield":3619,"minecraft:drop":331,"minecraft:talked_to_villager":8,"minecraft:play_time":858455,"minecraft:deaths":72,"minecraft:jump":15472,"minecraft:walk_on_water_one_cm":169077,"minecraft:enchant_item":2,"minecraft:interact_with_furnace":92,"minecraft:sleep_in_bed":14,"minecraft:damage_dealt":26049,"minecraft:player_kills":9,"minecraft:crouch_one_cm":130401,"minecraft:interact_with_smoker":20,"minecraft:interact_with_smithing_table":6,"minecraft:use_cauldron":3,"minecraft:inspect_dispenser":28,"minecraft:horse_one_cm":366151,"minecraft:inspect_dropper":5,"minecraft:interact_with_anvil":4,"minecraft:mob_kills":130,"minecraft:inspect_hopper":4,"minecraft:fill_cauldron":3,"minecraft:climb_one_cm":7752,"minecraft:walk_one_cm":2128379,"minecraft:raid_win":2,"minecraft:strider_one_cm":8588,"minecraft:sneak_time":44661,"minecraft:walk_under_water_one_cm":118778,"minecraft:boat_one_cm":267551,"minecraft:interact_with_blast_furnace":12,"minecraft:total_world_time":858455,"minecraft:raid_trigger":2,"minecraft:pot_flower":5,"minecraft:interact_with_grindstone":6,"minecraft:interact_with_stonecutter":2,"minecraft:time_since_rest":106010,"minecraft:damage_taken":26468,"minecraft:damage_absorbed":54,"minecraft:swim_one_cm":247321,"minecraft:fly_one_cm":2094583,"minecraft:open_chest":368,"minecraft:fall_one_cm":315943}},"DataVersion":3953}