{"stats":{"minecraft:broken":{"minecraft:golden_helmet":1,"minecraft:iron_boots":1,"minecraft:iron_chestplate":1,"minecraft:iron_leggings":1,"minecraft:iron_sword":1,"minecraft:flint_and_steel":2,"minecraft:wooden_pickaxe":2,"minecraft:iron_axe":1,"minecraft:iron_pickaxe":1,"minecraft:iron_helmet":1},"minecraft:dropped":{"minecraft:guster_pottery_sherd":10,"minecraft:iron_sword":3,"minecraft:soul_sand":13,"minecraft:candle":4,"minecraft:birch_planks":9,"minecraft:ominous_bottle":1,"minecraft:lapis_lazuli":1,"minecraft:baked_potato":3,"minecraft:glass_bottle":2,"minecraft:diamond":30,"minecraft:spore_blossom":1,"minecraft:cooked_porkchop":2,"minecraft:decorated_pot":3,"minecraft:dirt":59,"minecraft:brush":1,"minecraft:gold_nugget":2,"minecraft:sand":2,"minecraft:polished_blackstone_bricks":5,"minecraft:white_wool":3,"minecraft:bone":1,"minecraft:gravel":10,"minecraft:spyglass":1,"minecraft:chiseled_tuff_bricks":3,"minecraft:cobbled_deepslate":45,"minecraft:birch_sapling":23,"minecraft:wheat":6,"minecraft:cherry_sapling":4,"minecraft:beetroot":2,"minecraft:rotten_flesh":10,"minecraft:oak_planks":10,"minecraft:carrot":1,"minecraft:waxed_copper_block":6,"minecraft:poppy":1,"minecraft:hopper":1,"minecraft:beetroot_seeds":5,"minecraft:leather_boots":1,"minecraft:arrow":7,"minecraft:netherrack":67,"minecraft:water_bucket":3,"minecraft:enchanted_book":1,"minecraft:golden_boots":2,"minecraft:iron_ingot":13,"minecraft:bread":1,"minecraft:wheat_seeds":75,"minecraft:cherry_log":35,"minecraft:waxed_oxidized_cut_copper_stairs":1,"minecraft:iron_helmet":1,"minecraft:feather":3,"minecraft:cobblestone":21,"minecraft:coal":1,"minecraft:stick":9,"minecraft:diorite":2,"minecraft:torch":1,"minecraft:waxed_weathered_copper_bulb":4,"minecraft:repeater":1,"minecraft:brown_wool":1,"minecraft:cherry_planks":132,"minecraft:waxed_copper_bulb":1,"minecraft:cooked_salmon":1,"minecraft:dead_bush":1,"minecraft:smooth_stone":1,"minecraft:paper":14,"minecraft:string":11,"minecraft:bucket":1,"minecraft:dandelion":17,"minecraft:moss_carpet":5,"minecraft:kelp":1,"minecraft:tuff_bricks":5,"minecraft:light_gray_wool":1,"minecraft:name_tag":1,"minecraft:netherite_leggings":1,"minecraft:shield":1,"minecraft:peony":3,"minecraft:iron_chestplate":1,"minecraft:diamond_pickaxe":1,"minecraft:andesite":4,"minecraft:spider_eye":1,"minecraft:stripped_cherry_log":2,"minecraft:bamboo":1,"minecraft:bow":6,"minecraft:wooden_pickaxe":1,"minecraft:red_tulip":2,"minecraft:brick":26},"minecraft:mined":{"minecraft:white_bed":4,"minecraft:mossy_stone_brick_slab":1,"minecraft:cherry_log":73,"minecraft:obsidian":3,"minecraft:potted_dead_bush":5,"minecraft:granite":14,"minecraft:grass_block":105,"minecraft:cracked_polished_blackstone_bricks":18,"minecraft:soul_soil":12,"minecraft:chiseled_tuff_bricks":2,"minecraft:hopper":2,"minecraft:oxeye_daisy":2,"minecraft:tuff_bricks":10,"minecraft:polished_blackstone_bricks":31,"minecraft:tall_seagrass":2,"minecraft:magma_block":12,"minecraft:glowstone":5,"minecraft:iron_ore":33,"minecraft:cobbled_deepslate":9,"minecraft:fire":50,"minecraft:polished_tuff":1,"minecraft:pumpkin":4,"minecraft:deepslate_lapis_ore":2,"minecraft:azure_bluet":1,"minecraft:red_tulip":2,"minecraft:tripwire":1,"minecraft:deepslate_redstone_ore":15,"minecraft:blackstone":55,"minecraft:crimson_nylium":5,"minecraft:soul_fire":9,"minecraft:powder_snow":3,"minecraft:torch":1,"minecraft:poppy":10,"minecraft:chest":2,"minecraft:glass":3,"minecraft:nether_quartz_ore":36,"minecraft:cobblestone":9,"minecraft:oak_planks":5,"minecraft:sugar_cane":56,"minecraft:wall_torch":3,"minecraft:pink_petals":71,"minecraft:waxed_copper_bulb":5,"minecraft:repeater":4,"minecraft:birch_log":57,"minecraft:wheat":3,"minecraft:lilac":17,"minecraft:waxed_copper_block":1,"minecraft:birch_door":1,"minecraft:orange_tulip":5,"minecraft:oak_log":24,"minecraft:beetroots":1,"minecraft:waxed_oxidized_copper":3,"minecraft:sand":57,"minecraft:dirt":266,"minecraft:netherrack":926,"minecraft:oak_leaves":22,"minecraft:deepslate":163,"minecraft:nether_gold_ore":9,"minecraft:tuff":11,"minecraft:deepslate_diamond_ore":17,"minecraft:candle":1,"minecraft:cherry_sapling":1,"minecraft:stripped_cherry_log":1,"minecraft:decorated_pot":12,"minecraft:kelp":2,"minecraft:waxed_oxidized_cut_copper":2,"minecraft:furnace":1,"minecraft:carrots":5,"minecraft:andesite":9,"minecraft:peony":12,"minecraft:gold_block":3,"minecraft:potatoes":4,"minecraft:deepslate_iron_ore":41,"minecraft:lantern":1,"minecraft:bamboo":1,"minecraft:waxed_weathered_copper_bulb":1,"minecraft:stone":283,"minecraft:white_tulip":1,"minecraft:bone_block":5,"minecraft:oak_slab":1,"minecraft:comparator":1,"minecraft:soul_sand":7,"minecraft:basalt":3,"minecraft:stone_brick_slab":1,"minecraft:dandelion":22,"minecraft:crafting_table":2,"minecraft:cornflower":4,"minecraft:short_grass":93,"minecraft:dropper":1,"minecraft:sculk_sensor":5,"minecraft:tall_grass":6,"minecraft:lapis_ore":4,"minecraft:deepslate_gold_ore":5,"minecraft:polished_blackstone_brick_stairs":1,"minecraft:diorite":19,"minecraft:waxed_oxidized_copper_grate":2,"minecraft:birch_leaves":54,"minecraft:bee_nest":1,"minecraft:coal_ore":92,"minecraft:cherry_leaves":25,"minecraft:gravel":14,"minecraft:cobweb":1,"minecraft:gold_ore":1},"minecraft:crafted":{"minecraft:oak_planks":92,"minecraft:cooked_chicken":4,"minecraft:birch_slab":6,"minecraft:stone":48,"minecraft:bookshelf":5,"minecraft:cooked_mutton":2,"minecraft:glass":82,"minecraft:hopper":3,"minecraft:repeater":4,"minecraft:comparator":2,"minecraft:chest":5,"minecraft:dropper":2,"minecraft:cooked_porkchop":5,"minecraft:diamond_axe":1,"minecraft:crafting_table":5,"minecraft:wooden_pickaxe":1,"minecraft:baked_potato":25,"minecraft:birch_planks":176,"minecraft:campfire":1,"minecraft:dispenser":1,"minecraft:book":16,"minecraft:paper":63,"minecraft:diamond_pickaxe":3,"minecraft:shield":2,"minecraft:stick":32,"minecraft:iron_ingot":39,"minecraft:redstone_torch":14,"minecraft:cherry_planks":204,"minecraft:furnace":2,"minecraft:flint_and_steel":2,"minecraft:cherry_trapdoor":4,"minecraft:stone_pickaxe":1,"minecraft:cooked_beef":2,"minecraft:diamond_sword":1,"minecraft:iron_sword":1,"minecraft:cooked_salmon":4,"minecraft:stone_axe":1,"minecraft:birch_trapdoor":2,"minecraft:white_bed":2,"minecraft:torch":12},"minecraft:picked_up":{"minecraft:birch_door":1,"minecraft:iron_chestplate":8,"minecraft:wheat":10,"minecraft:flower_pot":5,"minecraft:lead":2,"minecraft:potion":1,"minecraft:enchanted_book":3,"minecraft:string":9,"minecraft:soul_soil":9,"minecraft:cooked_salmon":1,"minecraft:iron_leggings":5,"minecraft:beetroot":2,"minecraft:cobbled_deepslate":338,"minecraft:gold_nugget":64,"minecraft:smooth_stone":1,"minecraft:comparator":1,"minecraft:bucket":5,"minecraft:trial_key":4,"minecraft:iron_pickaxe":3,"minecraft:iron_boots":5,"minecraft:furnace":1,"minecraft:tipped_arrow":30,"minecraft:golden_helmet":2,"minecraft:stick":78,"minecraft:torch":3,"minecraft:porkchop":7,"minecraft:cherry_log":106,"minecraft:waxed_weathered_copper_bulb":5,"minecraft:diorite":13,"minecraft:honey_bottle":2,"minecraft:rotten_flesh":55,"minecraft:red_tulip":6,"minecraft:netherite_chestplate":1,"minecraft:obsidian":11,"minecraft:cobblestone":451,"minecraft:birch_log":61,"minecraft:pink_petals":176,"minecraft:magma_block":35,"minecraft:cooked_beef":2,"minecraft:feather":10,"minecraft:lilac":16,"minecraft:repeater":5,"minecraft:cherry_planks":4,"minecraft:water_bucket":4,"minecraft:andesite":14,"minecraft:brown_wool":3,"minecraft:potato":12,"minecraft:flint":1,"minecraft:lantern":1,"minecraft:netherite_leggings":2,"minecraft:lapis_lazuli":41,"minecraft:dirt":415,"minecraft:bone":47,"minecraft:bow":8,"minecraft:wheat_seeds":106,"minecraft:raw_gold":30,"minecraft:glowstone_dust":18,"minecraft:bamboo":3,"minecraft:oak_planks":23,"minecraft:poisonous_potato":2,"minecraft:dropper":1,"minecraft:sand":56,"minecraft:dead_bush":6,"minecraft:grass_block":1,"minecraft:diamond":82,"minecraft:netherite_helmet":1,"minecraft:granite":6,"minecraft:bone_meal":1,"minecraft:golden_apple":1,"minecraft:emerald":18,"minecraft:bread":9,"minecraft:oak_sapling":4,"minecraft:netherrack":339,"minecraft:diamond_pickaxe":3,"minecraft:charcoal":2,"minecraft:crafting_table":3,"minecraft:azure_bluet":1,"minecraft:ominous_bottle":3,"minecraft:chicken":4,"minecraft:wooden_pickaxe":3,"minecraft:gold_block":7,"minecraft:stripped_cherry_log":2,"minecraft:brick":45,"minecraft:shield":5,"minecraft:wind_charge":1,"minecraft:cornflower":4,"minecraft:moss_carpet":5,"minecraft:iron_axe":1,"minecraft:flint_and_steel":2,"minecraft:white_carpet":2,"minecraft:blackstone":45,"minecraft:candle":4,"minecraft:beef":6,"minecraft:poppy":20,"minecraft:light_gray_wool":2,"minecraft:guster_pottery_sherd":10,"minecraft:sugar_cane":77,"minecraft:chest":4,"minecraft:birch_sapling":57,"minecraft:phantom_membrane":1,"minecraft:egg":35,"minecraft:raw_iron":91,"minecraft:cherry_stairs":1,"minecraft:stone":1,"minecraft:copper_ingot":24,"minecraft:polished_blackstone_bricks":16,"minecraft:carrot":16,"minecraft:redstone":42,"minecraft:arrow":169,"minecraft:decorated_pot":6,"minecraft:beetroot_seeds":6,"minecraft:golden_hoe":2,"minecraft:peony":20,"minecraft:waxed_oxidized_cut_copper_stairs":1,"minecraft:saddle":2,"minecraft:tuff_bricks":8,"minecraft:mutton":13,"minecraft:bone_block":6,"minecraft:white_wool":17,"minecraft:oxeye_daisy":2,"minecraft:netherite_boots":1,"minecraft:salmon":4,"minecraft:leather":6,"minecraft:birch_planks":145,"minecraft:waxed_copper_bulb":3,"minecraft:ancient_debris":2,"minecraft:oak_log":23,"minecraft:waxed_copper_block":6,"minecraft:golden_boots":3,"minecraft:gunpowder":2,"minecraft:paper":14,"minecraft:cooked_mutton":2,"minecraft:apple":1,"minecraft:kelp":4,"minecraft:spore_blossom":1,"minecraft:iron_ingot":34,"minecraft:cooked_chicken":2,"minecraft:glass_bottle":2,"minecraft:iron_sword":8,"minecraft:soul_sand":13,"minecraft:oak_slab":1,"minecraft:birch_boat":2,"minecraft:pumpkin":12,"minecraft:brush":2,"minecraft:quartz":33,"minecraft:dandelion":40,"minecraft:spyglass":1,"minecraft:gravel":30,"minecraft:lava_bucket":1,"minecraft:white_bed":3,"minecraft:spider_eye":2,"minecraft:slime_ball":2,"minecraft:stone_axe":1,"minecraft:iron_helmet":6,"minecraft:diamond_axe":1,"minecraft:cherry_sapling":26,"minecraft:baked_potato":77,"minecraft:coal":142,"minecraft:chiseled_tuff_bricks":3,"minecraft:hopper":3},"minecraft:killed_by":{"minecraft:piglin_brute":1,"minecraft:piglin":1,"minecraft:player":7,"minecraft:enderman":1,"minecraft:warden":3,"minecraft:skeleton":1},"minecraft:killed":{"minecraft:spider":8,"minecraft:skeleton":27,"minecraft:bee":1,"minecraft:chicken":4,"minecraft:pig":4,"minecraft:salmon":3,"minecraft:sheep":9,"minecraft:pillager":3,"minecraft:zombie":14,"minecraft:stray":15,"minecraft:cow":3,"minecraft:phantom":2,"minecraft:player":1,"minecraft:enderman":2},"minecraft:used":{"minecraft:peony":3,"minecraft:cherry_sapling":18,"minecraft:dispenser":1,"minecraft:poppy":4,"minecraft:chest":4,"minecraft:decorated_pot":3,"minecraft:shield":27,"minecraft:iron_sword":376,"minecraft:rotten_flesh":15,"minecraft:mutton":12,"minecraft:carrot":24,"minecraft:snowball":13,"minecraft:obsidian":5,"minecraft:glass":27,"minecraft:lava_bucket":9,"minecraft:grass_block":1,"minecraft:birch_sapling":2,"minecraft:netherite_boots":3,"minecraft:birch_trapdoor":2,"minecraft:repeater":8,"minecraft:magma_block":2,"minecraft:bow":13,"minecraft:ominous_bottle":2,"minecraft:furnace":3,"minecraft:beetroot_seeds":1,"minecraft:egg":37,"minecraft:potato":12,"minecraft:dropper":3,"minecraft:oak_planks":10,"minecraft:stone_pickaxe":81,"minecraft:wooden_pickaxe":84,"minecraft:sugar_cane":14,"minecraft:composter":2,"minecraft:diamond_axe":207,"minecraft:golden_apple":2,"minecraft:golden_hoe":3,"minecraft:netherite_leggings":1,"minecraft:crossbow":33,"minecraft:netherite_helmet":1,"minecraft:lingering_potion":2,"minecraft:birch_slab":1,"minecraft:bread":9,"minecraft:lilac":3,"minecraft:diamond_sword":372,"minecraft:andesite":10,"minecraft:birch_log":1,"minecraft:bone_meal":1,"minecraft:flint_and_steel":135,"minecraft:redstone":8,"minecraft:cooked_salmon":4,"minecraft:trial_key":4,"minecraft:cooked_chicken":6,"minecraft:netherrack":199,"minecraft:torch":14,"minecraft:dirt":319,"minecraft:spyglass":8,"minecraft:hopper":5,"minecraft:birch_door":1,"minecraft:bookshelf":5,"minecraft:iron_axe":8,"minecraft:cherry_trapdoor":3,"minecraft:bamboo":2,"minecraft:golden_carrot":1,"minecraft:beef":4,"minecraft:cooked_beef":4,"minecraft:cobbled_deepslate":15,"minecraft:iron_leggings":1,"minecraft:cooked_mutton":4,"minecraft:wheat_seeds":3,"minecraft:water_bucket":27,"minecraft:birch_planks":18,"minecraft:netherite_chestplate":1,"minecraft:baked_potato":65,"minecraft:birch_boat":2,"minecraft:cauldron":1,"minecraft:salmon":2,"minecraft:comparator":3,"minecraft:oak_slab":3,"minecraft:crafting_table":8,"minecraft:white_bed":6,"minecraft:campfire":1,"minecraft:flower_pot":5,"minecraft:diamond_pickaxe":1520,"minecraft:apple":1,"minecraft:wind_charge":1,"minecraft:iron_pickaxe":249,"minecraft:stone_axe":44,"minecraft:pink_petals":127,"minecraft:cobblestone":38,"minecraft:potion":1,"minecraft:porkchop":2,"minecraft:cooked_porkchop":3,"minecraft:bucket":37,"minecraft:brush":18,"minecraft:kelp":1,"minecraft:dandelion":10,"minecraft:splash_potion":6},"minecraft:custom":{"minecraft:animals_bred":9,"minecraft:interact_with_crafting_table":110,"minecraft:open_barrel":4,"minecraft:bell_ring":14,"minecraft:leave_game":35,"minecraft:time_since_death":1868,"minecraft:sprint_one_cm":1153494,"minecraft:damage_blocked_by_shield":867,"minecraft:drop":203,"minecraft:talked_to_villager":7,"minecraft:play_time":634889,"minecraft:deaths":33,"minecraft:jump":10856,"minecraft:walk_on_water_one_cm":108548,"minecraft:enchant_item":1,"minecraft:interact_with_furnace":92,"minecraft:sleep_in_bed":13,"minecraft:damage_dealt":19449,"minecraft:player_kills":1,"minecraft:crouch_one_cm":112857,"minecraft:interact_with_smoker":20,"minecraft:interact_with_smithing_table":5,"minecraft:inspect_dispenser":28,"minecraft:horse_one_cm":92682,"minecraft:inspect_dropper":5,"minecraft:interact_with_anvil":4,"minecraft:mob_kills":102,"minecraft:inspect_hopper":4,"minecraft:climb_one_cm":6289,"minecraft:walk_one_cm":1605966,"minecraft:raid_win":2,"minecraft:sneak_time":37159,"minecraft:walk_under_water_one_cm":85112,"minecraft:boat_one_cm":10704,"minecraft:interact_with_blast_furnace":11,"minecraft:total_world_time":634889,"minecraft:raid_trigger":2,"minecraft:pot_flower":5,"minecraft:interact_with_grindstone":6,"minecraft:interact_with_stonecutter":2,"minecraft:time_since_rest":1912,"minecraft:damage_taken":13440,"minecraft:damage_absorbed":54,"minecraft:swim_one_cm":135734,"minecraft:fly_one_cm":1402295,"minecraft:open_chest":290,"minecraft:fall_one_cm":203533}},"DataVersion":3953}