{"stats":{"minecraft:broken":{"minecraft:golden_boots":1,"minecraft:iron_chestplate":1,"minecraft:iron_leggings":1,"minecraft:diamond_pickaxe":2,"minecraft:iron_sword":1,"minecraft:netherite_helmet":1,"minecraft:stone_sword":1,"minecraft:iron_axe":1,"minecraft:iron_pickaxe":2,"minecraft:iron_helmet":1,"minecraft:netherite_boots":1,"minecraft:stone_pickaxe":2,"minecraft:stone_axe":1,"minecraft:flint_and_steel":1},"minecraft:dropped":{"minecraft:iron_sword":1,"minecraft:pink_stained_glass":8,"minecraft:glass_bottle":4,"minecraft:diamond":7,"minecraft:spore_blossom":1,"minecraft:crafting_table":1,"minecraft:weeping_vines":3,"minecraft:crossbow":1,"minecraft:red_carpet":12,"minecraft:dirt":151,"minecraft:netherite_boots":1,"minecraft:sand":55,"minecraft:white_wool":3,"minecraft:bone":44,"minecraft:polished_blackstone_wall":1,"minecraft:stone_axe":1,"minecraft:ancient_debris":7,"minecraft:cooked_chicken":2,"minecraft:cobbled_deepslate":50,"minecraft:netherite_sword":1,"minecraft:birch_sapling":46,"minecraft:obsidian":8,"minecraft:rotten_flesh":46,"minecraft:oak_planks":11,"minecraft:nether_brick_fence":2,"minecraft:tipped_arrow":15,"minecraft:deepslate_tiles":2,"minecraft:charcoal":14,"minecraft:quartz_block":2,"minecraft:beef":5,"minecraft:cherry_fence":1,"minecraft:iron_ingot":21,"minecraft:wheat_seeds":24,"minecraft:netherite_chestplate":1,"minecraft:cobblestone":59,"minecraft:iron_helmet":2,"minecraft:feather":1,"minecraft:coal":32,"minecraft:golden_carrot":7,"minecraft:cherry_planks":286,"minecraft:diamond_helmet":2,"minecraft:white_banner":8,"minecraft:iron_shovel":1,"minecraft:string":7,"minecraft:pink_stained_glass_pane":5,"minecraft:furnace":1,"minecraft:soul_soil":1,"minecraft:soul_torch":5,"minecraft:netherite_ingot":6,"minecraft:stone_shovel":2,"minecraft:white_carpet":21,"minecraft:cherry_slab":2,"minecraft:nether_bricks":4,"minecraft:shears":1,"minecraft:diamond_sword":1,"minecraft:stone":1,"minecraft:flower_pot":1,"minecraft:diamond_pickaxe":2,"minecraft:spider_eye":1,"minecraft:bow":6,"minecraft:magma_block":1,"minecraft:birch_planks":96,"minecraft:diamond_axe":1,"minecraft:baked_potato":51,"minecraft:golden_pickaxe":1,"minecraft:decorated_pot":4,"minecraft:lantern":10,"minecraft:deepslate_tile_wall":13,"minecraft:leather":11,"minecraft:flint":1,"minecraft:deepslate_tile_stairs":2,"minecraft:brush":1,"minecraft:mutton":2,"minecraft:crimson_roots":2,"minecraft:coast_armor_trim_smithing_template":1,"minecraft:cooked_cod":3,"minecraft:amethyst_shard":19,"minecraft:axolotl_bucket":1,"minecraft:birch_log":2,"minecraft:gold_ingot":1,"minecraft:gravel":16,"minecraft:blackstone":14,"minecraft:spyglass":1,"minecraft:cherry_stairs":17,"minecraft:cherry_sapling":10,"minecraft:beetroot":1,"minecraft:cooked_mutton":9,"minecraft:carrot":58,"minecraft:poppy":4,"minecraft:gunpowder":3,"minecraft:lingering_potion":1,"minecraft:chest":1,"minecraft:arrow":83,"minecraft:quartz":19,"minecraft:netherrack":739,"minecraft:bread":82,"minecraft:water_bucket":4,"minecraft:stone_hoe":1,"minecraft:cherry_log":40,"minecraft:mossy_cobblestone":1,"minecraft:diamond_leggings":2,"minecraft:poisonous_potato":9,"minecraft:lead":1,"minecraft:stick":12,"minecraft:cherry_fence_gate":6,"minecraft:diorite":4,"minecraft:iron_leggings":1,"minecraft:pink_petals":532,"minecraft:bucket":2,"minecraft:dandelion":2,"minecraft:kelp":9,"minecraft:tuff_bricks":19,"minecraft:tuff":301,"minecraft:ender_eye":1,"minecraft:glass_pane":56,"minecraft:filled_map":1,"minecraft:shield":1,"minecraft:diamond_chestplate":4,"minecraft:iron_chestplate":1,"minecraft:andesite":2,"minecraft:waxed_oxidized_cut_copper":1,"minecraft:golden_sword":1,"minecraft:stripped_cherry_log":10,"minecraft:diamond_boots":2,"minecraft:stone_pickaxe":2,"minecraft:wooden_pickaxe":1,"minecraft:raw_gold":1,"minecraft:magma_cream":1,"minecraft:calcite":9},"minecraft:mined":{"minecraft:white_bed":3,"minecraft:cherry_log":88,"minecraft:obsidian":12,"minecraft:granite":33,"minecraft:deepslate_tile_stairs":5,"minecraft:crimson_fungus":2,"minecraft:oxeye_daisy":2,"minecraft:weeping_vines_plant":2,"minecraft:tall_seagrass":2,"minecraft:magma_block":9,"minecraft:cobbled_deepslate":40,"minecraft:fire":89,"minecraft:moss_carpet":1,"minecraft:deepslate_lapis_ore":14,"minecraft:sculk_shrieker":8,"minecraft:cave_vines":1,"minecraft:dirt_path":3,"minecraft:pink_tulip":9,"minecraft:kelp_plant":4,"minecraft:soul_fire":4,"minecraft:powder_snow":11,"minecraft:torch":14,"minecraft:sugar_cane":19,"minecraft:amethyst_block":1,"minecraft:chain":3,"minecraft:waxed_copper_bulb":1,"minecraft:wheat":100,"minecraft:lilac":3,"minecraft:waxed_copper_block":9,"minecraft:birch_door":1,"minecraft:black_bed":1,"minecraft:smooth_basalt":5,"minecraft:deepslate":520,"minecraft:deepslate_tiles":4,"minecraft:mossy_cobblestone":1,"minecraft:waxed_oxidized_chiseled_copper":1,"minecraft:nether_bricks":7,"minecraft:crimson_roots":5,"minecraft:moss_block":9,"minecraft:kelp":2,"minecraft:andesite":43,"minecraft:potatoes":101,"minecraft:bone_block":5,"minecraft:oak_slab":7,"minecraft:birch_stairs":92,"minecraft:cherry_planks":18,"minecraft:soul_sand":82,"minecraft:polished_blackstone_brick_wall":5,"minecraft:dandelion":19,"minecraft:cornflower":2,"minecraft:short_grass":227,"minecraft:campfire":1,"minecraft:tall_grass":16,"minecraft:copper_ore":51,"minecraft:deepslate_gold_ore":14,"minecraft:diorite":15,"minecraft:birch_leaves":103,"minecraft:sunflower":15,"minecraft:gravel":90,"minecraft:cobweb":27,"minecraft:gold_ore":4,"minecraft:fern":2,"minecraft:cobbled_deepslate_stairs":6,"minecraft:cobblestone_stairs":12,"minecraft:sculk_vein":6,"minecraft:cherry_trapdoor":1,"minecraft:cave_vines_plant":1,"minecraft:grass_block":441,"minecraft:soul_soil":59,"minecraft:tuff_bricks":44,"minecraft:iron_ore":43,"minecraft:polished_tuff":1,"minecraft:azure_bluet":4,"minecraft:deepslate_redstone_ore":2,"minecraft:blackstone":70,"minecraft:soul_lantern":2,"minecraft:calcite":9,"minecraft:poppy":10,"minecraft:chest":2,"minecraft:nether_quartz_ore":5,"minecraft:cobblestone":36,"minecraft:grindstone":1,"minecraft:oak_planks":8,"minecraft:wall_torch":14,"minecraft:pink_petals":486,"minecraft:seagrass":4,"minecraft:birch_log":182,"minecraft:orange_tulip":8,"minecraft:oak_log":23,"minecraft:beetroots":1,"minecraft:waxed_oxidized_copper":6,"minecraft:sand":120,"minecraft:dirt":151,"minecraft:crimson_planks":8,"minecraft:netherrack":2214,"minecraft:ancient_debris":44,"minecraft:oak_leaves":7,"minecraft:diamond_ore":3,"minecraft:tuff":339,"minecraft:deepslate_diamond_ore":145,"minecraft:stripped_cherry_log":1,"minecraft:decorated_pot":49,"minecraft:crimson_stem":26,"minecraft:hay_block":34,"minecraft:spore_blossom":1,"minecraft:furnace":6,"minecraft:carrots":135,"minecraft:chiseled_deepslate":5,"minecraft:peony":2,"minecraft:nether_brick_fence":2,"minecraft:polished_deepslate":12,"minecraft:deepslate_iron_ore":19,"minecraft:lantern":1,"minecraft:stone":469,"minecraft:white_tulip":20,"minecraft:cherry_stairs":20,"minecraft:soul_torch":1,"minecraft:crafting_table":12,"minecraft:sculk_sensor":14,"minecraft:lapis_ore":7,"minecraft:sculk":114,"minecraft:birch_planks":161,"minecraft:ice":1,"minecraft:coal_ore":140,"minecraft:cherry_leaves":31,"minecraft:small_dripleaf":1},"minecraft:crafted":{"minecraft:black_dye":1,"minecraft:pink_bed":1,"minecraft:birch_boat":1,"minecraft:chain":5,"minecraft:bookshelf":1,"minecraft:glass":31,"minecraft:diamond_helmet":3,"minecraft:diamond_leggings":3,"minecraft:netherite_boots":2,"minecraft:birch_fence_gate":2,"minecraft:birch_door":9,"minecraft:pink_stained_glass":8,"minecraft:emerald":18,"minecraft:diamond_axe":1,"minecraft:copper_ingot":190,"minecraft:bolt_armor_trim_smithing_template":12,"minecraft:chiseled_deepslate":10,"minecraft:stone_slab":6,"minecraft:gold_ingot":41,"minecraft:light_gray_dye":3,"minecraft:netherite_ingot":12,"minecraft:birch_stairs":124,"minecraft:golden_carrot":25,"minecraft:stone_shovel":2,"minecraft:iron_nugget":162,"minecraft:soul_torch":32,"minecraft:bone_meal":48,"minecraft:pink_dye":9,"minecraft:white_carpet":15,"minecraft:lantern":14,"minecraft:cherry_stairs":76,"minecraft:stone_pickaxe":2,"minecraft:diamond_boots":3,"minecraft:cobbled_deepslate_stairs":10,"minecraft:deepslate_tile_wall":13,"minecraft:lead":4,"minecraft:wheat":297,"minecraft:red_bed":1,"minecraft:red_carpet":12,"minecraft:deepslate_tiles":140,"minecraft:polished_blackstone_brick_wall":1,"minecraft:soul_lantern":5,"minecraft:iron_leggings":2,"minecraft:deepslate_tile_stairs":12,"minecraft:white_bed":6,"minecraft:grindstone":1,"minecraft:oak_planks":104,"minecraft:cobblestone_stairs":156,"minecraft:stone":4,"minecraft:bow":1,"minecraft:chest":5,"minecraft:netherite_helmet":2,"minecraft:copper_block":4,"minecraft:netherite_upgrade_smithing_template":10,"minecraft:stone_hoe":1,"minecraft:oak_slab":12,"minecraft:crafting_table":5,"minecraft:baked_potato":42,"minecraft:wooden_pickaxe":1,"minecraft:iron_helmet":1,"minecraft:brush":1,"minecraft:birch_planks":680,"minecraft:book":4,"minecraft:iron_chestplate":1,"minecraft:diamond_pickaxe":2,"minecraft:charcoal":79,"minecraft:shield":3,"minecraft:birch_fence":3,"minecraft:stick":100,"minecraft:iron_ingot":151,"minecraft:stone_sword":1,"minecraft:black_bed":1,"minecraft:shears":2,"minecraft:cherry_planks":212,"minecraft:fishing_rod":1,"minecraft:netherite_sword":2,"minecraft:furnace":6,"minecraft:glass_pane":48,"minecraft:flint_and_steel":1,"minecraft:netherite_chestplate":2,"minecraft:netherite_leggings":2,"minecraft:polished_deepslate":64,"minecraft:iron_axe":1,"minecraft:netherite_scrap":40,"minecraft:cherry_fence_gate":6,"minecraft:red_dye":2,"minecraft:cooked_cod":3,"minecraft:crimson_planks":104,"minecraft:diamond_sword":2,"minecraft:polished_blackstone_wall":1,"minecraft:iron_sword":1,"minecraft:cooked_salmon":5,"minecraft:bucket":2,"minecraft:stone_axe":1,"minecraft:air":0,"minecraft:bread":106,"minecraft:white_wool":2,"minecraft:gold_nugget":189,"minecraft:white_dye":4,"minecraft:pink_stained_glass_pane":16,"minecraft:torch":192,"minecraft:carrot_on_a_stick":1,"minecraft:diamond_chestplate":3},"minecraft:picked_up":{"minecraft:birch_door":7,"minecraft:iron_chestplate":2,"minecraft:flower_pot":1,"minecraft:lead":12,"minecraft:smithing_table":1,"minecraft:diamond_sword":1,"minecraft:oak_stairs":2,"minecraft:enchanted_book":1,"minecraft:polished_deepslate":11,"minecraft:string":49,"minecraft:soul_soil":56,"minecraft:beetroot":1,"minecraft:gold_nugget":8,"minecraft:cobbled_deepslate":527,"minecraft:trial_key":12,"minecraft:beehive":1,"minecraft:cherry_log":124,"minecraft:deepslate_tile_stairs":5,"minecraft:stone_sword":1,"minecraft:honey_bottle":3,"minecraft:tropical_fish":1,"minecraft:bookshelf":1,"minecraft:netherite_chestplate":2,"minecraft:blaze_rod":9,"minecraft:birch_log":184,"minecraft:magma_block":8,"minecraft:feather":2,"minecraft:cooked_beef":13,"minecraft:water_bucket":4,"minecraft:smoker":3,"minecraft:flint":9,"minecraft:cherry_fence":1,"minecraft:netherite_leggings":1,"minecraft:map":1,"minecraft:lantern":11,"minecraft:glowstone_dust":2,"minecraft:honeycomb":3,"minecraft:birch_fence_gate":2,"minecraft:ink_sac":5,"minecraft:granite":5,"minecraft:bread":7,"minecraft:cherry_slab":2,"minecraft:crimson_roots":5,"minecraft:diamond_pickaxe":3,"minecraft:crafting_table":14,"minecraft:stripped_cherry_log":12,"minecraft:wind_charge":5,"minecraft:cornflower":2,"minecraft:flint_and_steel":1,"minecraft:netherite_scrap":10,"minecraft:white_carpet":7,"minecraft:polished_blackstone_wall":1,"minecraft:glass_pane":16,"minecraft:beef":5,"minecraft:poppy":12,"minecraft:chest":2,"minecraft:birch_sapling":77,"minecraft:egg":13,"minecraft:carrot":506,"minecraft:redstone":9,"minecraft:music_disc_creator_music_box":1,"minecraft:diamond_chestplate":2,"minecraft:cooked_cod":2,"minecraft:decorated_pot":9,"minecraft:beetroot_seeds":3,"minecraft:peony":2,"minecraft:hay_block":33,"minecraft:gold_ingot":34,"minecraft:tuff_bricks":45,"minecraft:mutton":4,"minecraft:rail":4,"minecraft:bone_block":3,"minecraft:white_wool":29,"minecraft:oxeye_daisy":2,"minecraft:filled_map":2,"minecraft:oak_log":26,"minecraft:ancient_debris":44,"minecraft:paper":6,"minecraft:white_banner":17,"minecraft:apple":2,"minecraft:kelp":14,"minecraft:spore_blossom":2,"minecraft:stone_pickaxe":2,"minecraft:glass_bottle":4,"minecraft:iron_sword":1,"minecraft:smooth_basalt":4,"minecraft:red_wool":13,"minecraft:spyglass":2,"minecraft:gravel":92,"minecraft:birch_stairs":88,"minecraft:polished_tuff":1,"minecraft:slime_ball":5,"minecraft:stone_axe":1,"minecraft:diamond_axe":2,"minecraft:polished_blackstone_brick_wall":5,"minecraft:baked_potato":100,"minecraft:ender_pearl":1,"minecraft:chiseled_deepslate":5,"minecraft:wheat":87,"minecraft:nether_brick_fence":2,"minecraft:potion":3,"minecraft:crimson_planks":9,"minecraft:raw_copper":175,"minecraft:netherite_ingot":1,"minecraft:deepslate_tiles":4,"minecraft:bucket":1,"minecraft:white_tulip":20,"minecraft:calcite":6,"minecraft:ender_eye":1,"minecraft:iron_pickaxe":2,"minecraft:furnace":6,"minecraft:tipped_arrow":15,"minecraft:stick":88,"minecraft:torch":40,"minecraft:porkchop":18,"minecraft:diorite":10,"minecraft:quartz_block":2,"minecraft:rotten_flesh":61,"minecraft:obsidian":16,"minecraft:cod":7,"minecraft:cobblestone":583,"minecraft:pink_petals":887,"minecraft:cherry_planks":240,"minecraft:andesite":39,"minecraft:black_bed":1,"minecraft:potato":360,"minecraft:tuff":363,"minecraft:dirt":794,"minecraft:lapis_lazuli":155,"minecraft:leather_boots":1,"minecraft:bone":128,"minecraft:bow":9,"minecraft:orange_tulip":8,"minecraft:wheat_seeds":292,"minecraft:raw_gold":23,"minecraft:grindstone":1,"minecraft:bolt_armor_trim_smithing_template":4,"minecraft:scrape_pottery_sherd":1,"minecraft:oak_planks":13,"minecraft:cooked_porkchop":3,"minecraft:axolotl_bucket":1,"minecraft:poisonous_potato":5,"minecraft:sand":119,"minecraft:grass_block":1,"minecraft:mossy_cobblestone":1,"minecraft:diamond":194,"minecraft:netherite_helmet":1,"minecraft:soul_lantern":2,"minecraft:cracked_polished_blackstone_bricks":2,"minecraft:crossbow":2,"minecraft:breeze_rod":11,"minecraft:bone_meal":1,"minecraft:golden_apple":2,"minecraft:emerald":42,"minecraft:netherrack":1686,"minecraft:charcoal":27,"minecraft:waxed_oxidized_cut_copper":1,"minecraft:azure_bluet":3,"minecraft:chain":3,"minecraft:brick":22,"minecraft:shield":3,"minecraft:blackstone":18,"minecraft:sugar_cane":27,"minecraft:cherry_trapdoor":1,"minecraft:phantom_membrane":2,"minecraft:raw_iron":68,"minecraft:cherry_stairs":33,"minecraft:copper_ingot":1,"minecraft:polished_blackstone_bricks":3,"minecraft:stone_button":1,"minecraft:stone_pressure_plate":1,"minecraft:weeping_vines":3,"minecraft:arrow":240,"minecraft:nether_bricks":7,"minecraft:pink_tulip":9,"minecraft:saddle":2,"minecraft:netherite_boots":2,"minecraft:crimson_stem":26,"minecraft:salmon":6,"minecraft:leather":11,"minecraft:birch_planks":211,"minecraft:crimson_fungus":2,"minecraft:waxed_copper_block":10,"minecraft:cobbled_deepslate_stairs":6,"minecraft:gunpowder":6,"minecraft:cobblestone_stairs":13,"minecraft:cooked_mutton":12,"minecraft:coast_armor_trim_smithing_template":2,"minecraft:iron_ingot":10,"minecraft:cooked_chicken":2,"minecraft:soul_sand":63,"minecraft:oak_slab":7,"minecraft:emerald_block":3,"minecraft:birch_boat":9,"minecraft:quartz":19,"minecraft:dandelion":20,"minecraft:amethyst_shard":38,"minecraft:soul_torch":6,"minecraft:white_bed":5,"minecraft:spider_eye":7,"minecraft:pumpkin_seeds":4,"minecraft:iron_helmet":2,"minecraft:cherry_sapling":65,"minecraft:coal":271,"minecraft:sunflower":15},"minecraft:killed_by":{"minecraft:piglin_brute":1,"minecraft:player":16},"minecraft:killed":{"minecraft:cod":4,"minecraft:skeleton":75,"minecraft:magma_cube":1,"minecraft:salmon":7,"minecraft:iron_golem":1,"minecraft:pillager":22,"minecraft:zombie":44,"minecraft:cow":5,"minecraft:vindicator":7,"minecraft:horse":2,"minecraft:husk":22,"minecraft:wandering_trader":2,"minecraft:ravager":2,"minecraft:breeze":7,"minecraft:enderman":2,"minecraft:spider":50,"minecraft:piglin":6,"minecraft:zombie_villager":2,"minecraft:strider":1,"minecraft:creeper":8,"minecraft:sheep":1,"minecraft:trader_llama":1,"minecraft:stray":48,"minecraft:ghast":4,"minecraft:blaze":15,"minecraft:slime":8,"minecraft:phantom":2,"minecraft:drowned":11,"minecraft:hoglin":2,"minecraft:squid":3,"minecraft:wither_skeleton":4,"minecraft:player":35},"minecraft:used":{"minecraft:peony":2,"minecraft:tuff_bricks":10,"minecraft:chiseled_deepslate":15,"minecraft:chest":6,"minecraft:soul_sand":35,"minecraft:lava_bucket":75,"minecraft:birch_sapling":8,"minecraft:bow":57,"minecraft:furnace":8,"minecraft:cooked_cod":2,"minecraft:egg":7,"minecraft:potato":119,"minecraft:diorite":6,"minecraft:blackstone":4,"minecraft:wooden_pickaxe":28,"minecraft:netherite_helmet":1,"minecraft:birch_fence":1,"minecraft:deepslate_tiles":122,"minecraft:spore_blossom":3,"minecraft:soul_lantern":7,"minecraft:fire_charge":1,"minecraft:smithing_table":1,"minecraft:birch_log":11,"minecraft:stone_sword":131,"minecraft:polished_blackstone_wall":1,"minecraft:cooked_salmon":5,"minecraft:netherrack":1200,"minecraft:trial_key":8,"minecraft:torch":225,"minecraft:iron_axe":250,"minecraft:pink_stained_glass_pane":7,"minecraft:basalt":31,"minecraft:cobbled_deepslate":192,"minecraft:cherry_log":18,"minecraft:golden_axe":3,"minecraft:wheat_seeds":128,"minecraft:water_bucket":518,"minecraft:birch_planks":467,"minecraft:cherry_planks":86,"minecraft:polished_blackstone_bricks":1,"minecraft:oak_slab":15,"minecraft:crafting_table":16,"minecraft:white_bed":5,"minecraft:diamond_pickaxe":3868,"minecraft:diamond_shovel":660,"minecraft:wind_charge":10,"minecraft:iron_pickaxe":333,"minecraft:cobblestone":325,"minecraft:cooked_porkchop":3,"minecraft:glass_pane":3,"minecraft:dandelion":2,"minecraft:cherry_sapling":1,"minecraft:iron_shovel":22,"minecraft:polished_deepslate":85,"minecraft:carrot_on_a_stick":13,"minecraft:decorated_pot":5,"minecraft:shield":76,"minecraft:iron_sword":243,"minecraft:nether_bricks":3,"minecraft:carrot":349,"minecraft:tuff":46,"minecraft:beehive":1,"minecraft:axolotl_bucket":9,"minecraft:obsidian":5,"minecraft:honey_bottle":4,"minecraft:lantern":15,"minecraft:polished_blackstone_brick_wall":68,"minecraft:iron_helmet":1,"minecraft:crimson_roots":1,"minecraft:magma_block":7,"minecraft:stone_pickaxe":263,"minecraft:oak_planks":29,"minecraft:diamond_axe":330,"minecraft:sugar_cane":21,"minecraft:netherite_leggings":1,"minecraft:crossbow":126,"minecraft:black_bed":2,"minecraft:cobbled_deepslate_stairs":6,"minecraft:polished_tuff":1,"minecraft:birch_fence_gate":2,"minecraft:bread":31,"minecraft:gravel":43,"minecraft:grindstone":2,"minecraft:chain":24,"minecraft:stripped_cherry_log":1,"minecraft:bone_meal":35,"minecraft:netherite_sword":947,"minecraft:flint_and_steel":86,"minecraft:white_tulip":2,"minecraft:stone_shovel":127,"minecraft:stone_hoe":116,"minecraft:dirt":522,"minecraft:spyglass":110,"minecraft:granite":1,"minecraft:birch_door":11,"minecraft:bookshelf":2,"minecraft:oak_stairs":2,"minecraft:cherry_trapdoor":1,"minecraft:crimson_planks":113,"minecraft:golden_carrot":33,"minecraft:soul_soil":56,"minecraft:deepslate_tile_stairs":15,"minecraft:stone_pressure_plate":1,"minecraft:cooked_beef":13,"minecraft:iron_leggings":1,"minecraft:cooked_mutton":3,"minecraft:cobblestone_stairs":168,"minecraft:netherite_chestplate":1,"minecraft:baked_potato":104,"minecraft:birch_boat":9,"minecraft:smoker":3,"minecraft:cherry_door":1,"minecraft:cracked_polished_blackstone_bricks":2,"minecraft:map":1,"minecraft:stone_axe":131,"minecraft:pink_petals":18,"minecraft:fishing_rod":2,"minecraft:cherry_stairs":100,"minecraft:white_banner":8,"minecraft:bucket":604,"minecraft:birch_stairs":204,"minecraft:splash_potion":3,"minecraft:soul_torch":11},"minecraft:custom":{"minecraft:interact_with_crafting_table":162,"minecraft:open_barrel":21,"minecraft:bell_ring":48,"minecraft:leave_game":26,"minecraft:time_since_death":6280,"minecraft:damage_blocked_by_shield":2594,"minecraft:play_time":1563394,"minecraft:deaths":37,"minecraft:jump":14683,"minecraft:enchant_item":10,"minecraft:interact_with_furnace":127,"minecraft:sleep_in_bed":25,"minecraft:damage_dealt":74598,"minecraft:interact_with_smoker":40,"minecraft:inspect_dispenser":42,"minecraft:horse_one_cm":631684,"minecraft:interact_with_smithing_table":24,"minecraft:interact_with_anvil":6,"minecraft:sneak_time":89331,"minecraft:interact_with_blast_furnace":75,"minecraft:total_world_time":1563394,"minecraft:interact_with_stonecutter":26,"minecraft:time_since_rest":6302,"minecraft:swim_one_cm":391261,"minecraft:fly_one_cm":2047946,"minecraft:open_chest":799,"minecraft:fall_one_cm":281296,"minecraft:animals_bred":21,"minecraft:sprint_one_cm":3447525,"minecraft:drop":356,"minecraft:talked_to_villager":11,"minecraft:interact_with_brewingstand":2,"minecraft:walk_on_water_one_cm":246390,"minecraft:player_kills":44,"minecraft:crouch_one_cm":313445,"minecraft:mob_kills":383,"minecraft:climb_one_cm":15926,"minecraft:walk_one_cm":5810610,"minecraft:raid_win":3,"minecraft:strider_one_cm":2659,"minecraft:walk_under_water_one_cm":199853,"minecraft:boat_one_cm":589550,"minecraft:pot_flower":2,"minecraft:interact_with_grindstone":4,"minecraft:damage_taken":19423}},"DataVersion":3953}