{"stats":{"minecraft:broken":{"minecraft:golden_boots":1,"minecraft:iron_chestplate":1,"minecraft:iron_leggings":1,"minecraft:stone_pickaxe":2,"minecraft:diamond_pickaxe":2,"minecraft:stone_axe":1,"minecraft:iron_sword":1,"minecraft:netherite_helmet":1,"minecraft:stone_sword":1,"minecraft:flint_and_steel":1,"minecraft:iron_axe":1,"minecraft:iron_pickaxe":2,"minecraft:iron_helmet":1},"minecraft:dropped":{"minecraft:iron_sword":1,"minecraft:pink_stained_glass":8,"minecraft:birch_planks":96,"minecraft:diamond_axe":1,"minecraft:baked_potato":51,"minecraft:golden_pickaxe":1,"minecraft:glass_bottle":4,"minecraft:diamond":7,"minecraft:spore_blossom":1,"minecraft:crafting_table":1,"minecraft:decorated_pot":4,"minecraft:crossbow":1,"minecraft:lantern":10,"minecraft:deepslate_tile_wall":13,"minecraft:leather":10,"minecraft:red_carpet":12,"minecraft:flint":1,"minecraft:deepslate_tile_stairs":2,"minecraft:dirt":150,"minecraft:brush":1,"minecraft:mutton":2,"minecraft:crimson_roots":1,"minecraft:coast_armor_trim_smithing_template":1,"minecraft:cooked_cod":3,"minecraft:netherite_boots":1,"minecraft:amethyst_shard":19,"minecraft:axolotl_bucket":1,"minecraft:sand":55,"minecraft:birch_log":2,"minecraft:white_wool":3,"minecraft:gold_ingot":1,"minecraft:bone":43,"minecraft:gravel":4,"minecraft:stone_axe":1,"minecraft:blackstone":13,"minecraft:ancient_debris":7,"minecraft:spyglass":1,"minecraft:cherry_stairs":17,"minecraft:cooked_chicken":2,"minecraft:cobbled_deepslate":50,"minecraft:birch_sapling":46,"minecraft:obsidian":5,"minecraft:cherry_sapling":10,"minecraft:beetroot":1,"minecraft:rotten_flesh":41,"minecraft:oak_planks":11,"minecraft:cooked_mutton":9,"minecraft:nether_brick_fence":2,"minecraft:carrot":1,"minecraft:poppy":4,"minecraft:deepslate_tiles":2,"minecraft:tipped_arrow":15,"minecraft:gunpowder":2,"minecraft:charcoal":14,"minecraft:quartz_block":2,"minecraft:lingering_potion":1,"minecraft:chest":1,"minecraft:arrow":81,"minecraft:beef":5,"minecraft:quartz":19,"minecraft:cherry_fence":1,"minecraft:netherrack":737,"minecraft:stone_hoe":1,"minecraft:water_bucket":4,"minecraft:iron_ingot":21,"minecraft:bread":81,"minecraft:wheat_seeds":23,"minecraft:cherry_log":40,"minecraft:mossy_cobblestone":1,"minecraft:diamond_leggings":1,"minecraft:poisonous_potato":9,"minecraft:netherite_chestplate":1,"minecraft:feather":1,"minecraft:iron_helmet":2,"minecraft:cobblestone":59,"minecraft:lead":1,"minecraft:coal":32,"minecraft:cherry_fence_gate":6,"minecraft:stick":12,"minecraft:cherry_planks":286,"minecraft:diamond_helmet":1,"minecraft:iron_leggings":1,"minecraft:white_banner":8,"minecraft:iron_shovel":1,"minecraft:string":5,"minecraft:pink_petals":532,"minecraft:bucket":2,"minecraft:pink_stained_glass_pane":5,"minecraft:dandelion":2,"minecraft:furnace":1,"minecraft:tuff_bricks":19,"minecraft:kelp":9,"minecraft:soul_soil":1,"minecraft:soul_torch":5,"minecraft:netherite_ingot":6,"minecraft:tuff":301,"minecraft:stone_shovel":2,"minecraft:white_carpet":21,"minecraft:nether_bricks":4,"minecraft:cherry_slab":2,"minecraft:shears":1,"minecraft:glass_pane":56,"minecraft:filled_map":1,"minecraft:diamond_sword":1,"minecraft:stone":1,"minecraft:shield":1,"minecraft:flower_pot":1,"minecraft:diamond_chestplate":1,"minecraft:diamond_pickaxe":2,"minecraft:iron_chestplate":1,"minecraft:andesite":2,"minecraft:waxed_oxidized_cut_copper":1,"minecraft:golden_sword":1,"minecraft:stripped_cherry_log":10,"minecraft:diamond_boots":1,"minecraft:bow":6,"minecraft:stone_pickaxe":2,"minecraft:wooden_pickaxe":1,"minecraft:raw_gold":1,"minecraft:magma_cream":1,"minecraft:calcite":9,"minecraft:magma_block":1},"minecraft:mined":{"minecraft:white_bed":3,"minecraft:cobbled_deepslate_stairs":6,"minecraft:cherry_log":73,"minecraft:sculk_vein":3,"minecraft:cobblestone_stairs":12,"minecraft:obsidian":5,"minecraft:cave_vines_plant":1,"minecraft:granite":30,"minecraft:cherry_trapdoor":1,"minecraft:grass_block":436,"minecraft:soul_soil":53,"minecraft:deepslate_tile_stairs":5,"minecraft:crimson_fungus":2,"minecraft:oxeye_daisy":2,"minecraft:tuff_bricks":40,"minecraft:tall_seagrass":2,"minecraft:magma_block":9,"minecraft:iron_ore":43,"minecraft:fire":89,"minecraft:cobbled_deepslate":39,"minecraft:polished_tuff":1,"minecraft:moss_carpet":1,"minecraft:deepslate_lapis_ore":8,"minecraft:azure_bluet":4,"minecraft:sculk_shrieker":8,"minecraft:cave_vines":1,"minecraft:dirt_path":3,"minecraft:pink_tulip":9,"minecraft:deepslate_redstone_ore":2,"minecraft:blackstone":70,"minecraft:kelp_plant":4,"minecraft:soul_fire":4,"minecraft:soul_lantern":2,"minecraft:torch":14,"minecraft:powder_snow":11,"minecraft:poppy":10,"minecraft:calcite":9,"minecraft:chest":2,"minecraft:nether_quartz_ore":5,"minecraft:cobblestone":36,"minecraft:grindstone":1,"minecraft:oak_planks":7,"minecraft:sugar_cane":19,"minecraft:wall_torch":14,"minecraft:amethyst_block":1,"minecraft:pink_petals":485,"minecraft:seagrass":4,"minecraft:chain":3,"minecraft:waxed_copper_bulb":1,"minecraft:birch_log":182,"minecraft:wheat":100,"minecraft:lilac":3,"minecraft:waxed_copper_block":9,"minecraft:orange_tulip":8,"minecraft:birch_door":1,"minecraft:black_bed":1,"minecraft:oak_log":7,"minecraft:beetroots":1,"minecraft:dirt":146,"minecraft:sand":120,"minecraft:crimson_planks":8,"minecraft:smooth_basalt":5,"minecraft:ancient_debris":44,"minecraft:netherrack":2157,"minecraft:oak_leaves":7,"minecraft:deepslate":397,"minecraft:deepslate_tiles":4,"minecraft:diamond_ore":3,"minecraft:tuff":318,"minecraft:mossy_cobblestone":1,"minecraft:deepslate_diamond_ore":87,"minecraft:stripped_cherry_log":1,"minecraft:waxed_oxidized_chiseled_copper":1,"minecraft:nether_bricks":7,"minecraft:decorated_pot":43,"minecraft:crimson_roots":5,"minecraft:kelp":2,"minecraft:moss_block":9,"minecraft:crimson_stem":26,"minecraft:hay_block":34,"minecraft:spore_blossom":1,"minecraft:furnace":6,"minecraft:carrots":135,"minecraft:andesite":38,"minecraft:chiseled_deepslate":5,"minecraft:peony":2,"minecraft:nether_brick_fence":2,"minecraft:polished_deepslate":12,"minecraft:potatoes":101,"minecraft:deepslate_iron_ore":19,"minecraft:lantern":1,"minecraft:white_tulip":20,"minecraft:stone":455,"minecraft:cherry_stairs":20,"minecraft:bone_block":5,"minecraft:birch_stairs":92,"minecraft:oak_slab":7,"minecraft:cherry_planks":18,"minecraft:soul_sand":82,"minecraft:soul_torch":1,"minecraft:dandelion":19,"minecraft:polished_blackstone_brick_wall":5,"minecraft:crafting_table":11,"minecraft:cornflower":2,"minecraft:short_grass":218,"minecraft:sculk_sensor":14,"minecraft:campfire":1,"minecraft:copper_ore":51,"minecraft:tall_grass":14,"minecraft:lapis_ore":7,"minecraft:deepslate_gold_ore":14,"minecraft:sculk":13,"minecraft:diorite":11,"minecraft:birch_planks":161,"minecraft:ice":1,"minecraft:birch_leaves":103,"minecraft:coal_ore":140,"minecraft:cherry_leaves":31,"minecraft:sunflower":15,"minecraft:gravel":74,"minecraft:cobweb":27,"minecraft:small_dripleaf":1,"minecraft:gold_ore":4,"minecraft:fern":2},"minecraft:crafted":{"minecraft:black_dye":1,"minecraft:grindstone":1,"minecraft:oak_planks":32,"minecraft:pink_bed":1,"minecraft:chain":5,"minecraft:birch_boat":1,"minecraft:stone":4,"minecraft:cobblestone_stairs":156,"minecraft:bookshelf":1,"minecraft:glass":31,"minecraft:diamond_helmet":1,"minecraft:diamond_leggings":1,"minecraft:bow":1,"minecraft:netherite_boots":1,"minecraft:birch_fence_gate":2,"minecraft:chest":5,"minecraft:netherite_helmet":1,"minecraft:copper_block":4,"minecraft:birch_door":9,"minecraft:stone_hoe":1,"minecraft:pink_stained_glass":8,"minecraft:oak_slab":12,"minecraft:emerald":18,"minecraft:diamond_axe":1,"minecraft:crafting_table":5,"minecraft:wooden_pickaxe":1,"minecraft:iron_helmet":1,"minecraft:baked_potato":42,"minecraft:brush":1,"minecraft:copper_ingot":190,"minecraft:birch_planks":680,"minecraft:bolt_armor_trim_smithing_template":12,"minecraft:iron_chestplate":1,"minecraft:book":4,"minecraft:charcoal":79,"minecraft:diamond_pickaxe":2,"minecraft:chiseled_deepslate":10,"minecraft:shield":3,"minecraft:birch_fence":3,"minecraft:stick":96,"minecraft:stone_slab":6,"minecraft:iron_ingot":151,"minecraft:stone_sword":1,"minecraft:gold_ingot":41,"minecraft:black_bed":1,"minecraft:light_gray_dye":3,"minecraft:netherite_ingot":12,"minecraft:birch_stairs":124,"minecraft:shears":1,"minecraft:golden_carrot":11,"minecraft:cherry_planks":152,"minecraft:stone_shovel":2,"minecraft:fishing_rod":1,"minecraft:netherite_sword":1,"minecraft:iron_nugget":162,"minecraft:soul_torch":32,"minecraft:furnace":6,"minecraft:bone_meal":48,"minecraft:pink_dye":9,"minecraft:white_carpet":15,"minecraft:glass_pane":48,"minecraft:flint_and_steel":1,"minecraft:netherite_chestplate":1,"minecraft:lantern":14,"minecraft:netherite_leggings":1,"minecraft:polished_deepslate":64,"minecraft:iron_axe":1,"minecraft:cherry_stairs":76,"minecraft:stone_pickaxe":2,"minecraft:diamond_boots":1,"minecraft:cobbled_deepslate_stairs":10,"minecraft:deepslate_tile_wall":13,"minecraft:netherite_scrap":40,"minecraft:lead":4,"minecraft:cherry_fence_gate":6,"minecraft:wheat":297,"minecraft:red_dye":2,"minecraft:cooked_cod":3,"minecraft:crimson_planks":104,"minecraft:diamond_sword":1,"minecraft:polished_blackstone_wall":1,"minecraft:iron_sword":1,"minecraft:cooked_salmon":5,"minecraft:bucket":2,"minecraft:stone_axe":1,"minecraft:red_carpet":12,"minecraft:deepslate_tiles":140,"minecraft:bread":106,"minecraft:air":0,"minecraft:polished_blackstone_brick_wall":1,"minecraft:soul_lantern":5,"minecraft:white_wool":2,"minecraft:gold_nugget":90,"minecraft:white_dye":4,"minecraft:pink_stained_glass_pane":16,"minecraft:deepslate_tile_stairs":12,"minecraft:iron_leggings":2,"minecraft:white_bed":1,"minecraft:torch":192,"minecraft:carrot_on_a_stick":1,"minecraft:diamond_chestplate":1},"minecraft:picked_up":{"minecraft:chiseled_deepslate":5,"minecraft:iron_chestplate":2,"minecraft:birch_door":7,"minecraft:wheat":86,"minecraft:nether_brick_fence":2,"minecraft:flower_pot":1,"minecraft:smithing_table":1,"minecraft:lead":12,"minecraft:diamond_sword":1,"minecraft:potion":3,"minecraft:crimson_planks":8,"minecraft:polished_deepslate":11,"minecraft:string":46,"minecraft:soul_soil":50,"minecraft:raw_copper":175,"minecraft:netherite_ingot":1,"minecraft:beetroot":1,"minecraft:deepslate_tiles":4,"minecraft:gold_nugget":8,"minecraft:cobbled_deepslate":445,"minecraft:bucket":1,"minecraft:trial_key":12,"minecraft:white_tulip":20,"minecraft:calcite":6,"minecraft:iron_pickaxe":2,"minecraft:furnace":6,"minecraft:tipped_arrow":15,"minecraft:beehive":1,"minecraft:stick":88,"minecraft:torch":37,"minecraft:porkchop":2,"minecraft:cherry_log":109,"minecraft:diorite":2,"minecraft:deepslate_tile_stairs":5,"minecraft:quartz_block":2,"minecraft:stone_sword":1,"minecraft:rotten_flesh":55,"minecraft:honey_bottle":3,"minecraft:tropical_fish":1,"minecraft:bookshelf":1,"minecraft:netherite_chestplate":2,"minecraft:blaze_rod":9,"minecraft:obsidian":6,"minecraft:cod":7,"minecraft:cobblestone":575,"minecraft:birch_log":184,"minecraft:pink_petals":886,"minecraft:magma_block":8,"minecraft:feather":2,"minecraft:cooked_beef":13,"minecraft:cherry_planks":240,"minecraft:water_bucket":3,"minecraft:andesite":39,"minecraft:black_bed":1,"minecraft:potato":360,"minecraft:smoker":3,"minecraft:flint":8,"minecraft:tuff":343,"minecraft:cherry_fence":1,"minecraft:lapis_lazuli":116,"minecraft:map":1,"minecraft:netherite_leggings":1,"minecraft:dirt":789,"minecraft:lantern":11,"minecraft:leather_boots":1,"minecraft:bone":127,"minecraft:bow":9,"minecraft:wheat_seeds":289,"minecraft:orange_tulip":8,"minecraft:raw_gold":23,"minecraft:grindstone":1,"minecraft:bolt_armor_trim_smithing_template":4,"minecraft:glowstone_dust":2,"minecraft:honeycomb":3,"minecraft:oak_planks":13,"minecraft:scrape_pottery_sherd":1,"minecraft:cooked_porkchop":3,"minecraft:axolotl_bucket":1,"minecraft:poisonous_potato":5,"minecraft:birch_fence_gate":2,"minecraft:sand":119,"minecraft:ink_sac":5,"minecraft:grass_block":1,"minecraft:mossy_cobblestone":1,"minecraft:diamond":136,"minecraft:netherite_helmet":1,"minecraft:soul_lantern":2,"minecraft:cracked_polished_blackstone_bricks":2,"minecraft:breeze_rod":11,"minecraft:crossbow":2,"minecraft:granite":4,"minecraft:bone_meal":1,"minecraft:golden_apple":2,"minecraft:bread":7,"minecraft:emerald":42,"minecraft:cherry_slab":2,"minecraft:netherrack":1630,"minecraft:crimson_roots":3,"minecraft:charcoal":27,"minecraft:diamond_pickaxe":3,"minecraft:waxed_oxidized_cut_copper":1,"minecraft:crafting_table":13,"minecraft:azure_bluet":3,"minecraft:stripped_cherry_log":12,"minecraft:chain":3,"minecraft:shield":3,"minecraft:brick":22,"minecraft:wind_charge":5,"minecraft:cornflower":2,"minecraft:flint_and_steel":1,"minecraft:netherite_scrap":10,"minecraft:white_carpet":7,"minecraft:polished_blackstone_wall":1,"minecraft:blackstone":15,"minecraft:glass_pane":16,"minecraft:beef":5,"minecraft:poppy":12,"minecraft:sugar_cane":27,"minecraft:egg":13,"minecraft:chest":2,"minecraft:birch_sapling":77,"minecraft:phantom_membrane":2,"minecraft:cherry_trapdoor":1,"minecraft:raw_iron":68,"minecraft:cherry_stairs":33,"minecraft:copper_ingot":1,"minecraft:polished_blackstone_bricks":3,"minecraft:stone_button":1,"minecraft:carrot":490,"minecraft:redstone":9,"minecraft:music_disc_creator_music_box":1,"minecraft:stone_pressure_plate":1,"minecraft:arrow":176,"minecraft:cooked_cod":2,"minecraft:beetroot_seeds":3,"minecraft:decorated_pot":9,"minecraft:nether_bricks":7,"minecraft:peony":2,"minecraft:hay_block":33,"minecraft:pink_tulip":9,"minecraft:saddle":2,"minecraft:gold_ingot":34,"minecraft:tuff_bricks":45,"minecraft:mutton":4,"minecraft:white_wool":14,"minecraft:bone_block":3,"minecraft:rail":4,"minecraft:oxeye_daisy":2,"minecraft:netherite_boots":2,"minecraft:crimson_stem":26,"minecraft:salmon":6,"minecraft:leather":10,"minecraft:birch_planks":211,"minecraft:filled_map":2,"minecraft:crimson_fungus":2,"minecraft:oak_log":8,"minecraft:waxed_copper_block":9,"minecraft:ancient_debris":44,"minecraft:cobbled_deepslate_stairs":6,"minecraft:gunpowder":5,"minecraft:cobblestone_stairs":13,"minecraft:paper":6,"minecraft:white_banner":17,"minecraft:cooked_mutton":12,"minecraft:coast_armor_trim_smithing_template":2,"minecraft:apple":2,"minecraft:kelp":14,"minecraft:spore_blossom":2,"minecraft:iron_ingot":10,"minecraft:stone_pickaxe":2,"minecraft:cooked_chicken":2,"minecraft:glass_bottle":4,"minecraft:soul_sand":63,"minecraft:iron_sword":1,"minecraft:oak_slab":7,"minecraft:smooth_basalt":4,"minecraft:emerald_block":2,"minecraft:birch_boat":9,"minecraft:dandelion":20,"minecraft:red_wool":8,"minecraft:quartz":19,"minecraft:spyglass":2,"minecraft:gravel":77,"minecraft:birch_stairs":88,"minecraft:amethyst_shard":38,"minecraft:soul_torch":6,"minecraft:white_bed":5,"minecraft:spider_eye":6,"minecraft:polished_tuff":1,"minecraft:pumpkin_seeds":4,"minecraft:slime_ball":5,"minecraft:stone_axe":1,"minecraft:iron_helmet":2,"minecraft:diamond_axe":2,"minecraft:cherry_sapling":65,"minecraft:polished_blackstone_brick_wall":5,"minecraft:baked_potato":99,"minecraft:coal":271,"minecraft:sunflower":15,"minecraft:ender_pearl":1},"minecraft:killed_by":{"minecraft:piglin_brute":1,"minecraft:player":13},"minecraft:killed":{"minecraft:spider":46,"minecraft:cod":4,"minecraft:skeleton":70,"minecraft:magma_cube":1,"minecraft:piglin":5,"minecraft:zombie_villager":2,"minecraft:salmon":7,"minecraft:iron_golem":1,"minecraft:creeper":7,"minecraft:sheep":1,"minecraft:trader_llama":1,"minecraft:pillager":22,"minecraft:zombie":36,"minecraft:ghast":3,"minecraft:stray":48,"minecraft:blaze":15,"minecraft:cow":5,"minecraft:vindicator":7,"minecraft:slime":8,"minecraft:phantom":2,"minecraft:horse":2,"minecraft:drowned":11,"minecraft:husk":18,"minecraft:wandering_trader":2,"minecraft:ravager":2,"minecraft:squid":3,"minecraft:breeze":7,"minecraft:wither_skeleton":4,"minecraft:player":30,"minecraft:enderman":2},"minecraft:used":{"minecraft:peony":2,"minecraft:tuff_bricks":10,"minecraft:cherry_sapling":1,"minecraft:chiseled_deepslate":15,"minecraft:polished_deepslate":85,"minecraft:iron_shovel":22,"minecraft:chest":6,"minecraft:decorated_pot":5,"minecraft:shield":67,"minecraft:iron_sword":243,"minecraft:soul_sand":35,"minecraft:nether_bricks":3,"minecraft:carrot":292,"minecraft:tuff":38,"minecraft:beehive":1,"minecraft:axolotl_bucket":9,"minecraft:obsidian":1,"minecraft:honey_bottle":4,"minecraft:lava_bucket":74,"minecraft:lantern":15,"minecraft:birch_sapling":8,"minecraft:polished_blackstone_brick_wall":68,"minecraft:iron_helmet":1,"minecraft:magma_block":7,"minecraft:bow":57,"minecraft:furnace":8,"minecraft:cooked_cod":2,"minecraft:egg":7,"minecraft:potato":119,"minecraft:diorite":2,"minecraft:stone_pickaxe":263,"minecraft:oak_planks":3,"minecraft:blackstone":2,"minecraft:sugar_cane":21,"minecraft:wooden_pickaxe":28,"minecraft:diamond_axe":286,"minecraft:netherite_leggings":1,"minecraft:crossbow":111,"minecraft:netherite_helmet":1,"minecraft:black_bed":2,"minecraft:cobbled_deepslate_stairs":6,"minecraft:polished_tuff":1,"minecraft:birch_fence":1,"minecraft:deepslate_tiles":122,"minecraft:birch_fence_gate":2,"minecraft:bread":30,"minecraft:spore_blossom":3,"minecraft:gravel":43,"minecraft:soul_lantern":7,"minecraft:fire_charge":1,"minecraft:birch_log":11,"minecraft:chain":24,"minecraft:grindstone":2,"minecraft:smithing_table":1,"minecraft:stripped_cherry_log":1,"minecraft:bone_meal":35,"minecraft:netherite_sword":819,"minecraft:stone_sword":131,"minecraft:white_tulip":2,"minecraft:flint_and_steel":85,"minecraft:stone_shovel":127,"minecraft:cooked_salmon":5,"minecraft:polished_blackstone_wall":1,"minecraft:trial_key":8,"minecraft:stone_hoe":116,"minecraft:netherrack":1006,"minecraft:torch":225,"minecraft:dirt":518,"minecraft:spyglass":110,"minecraft:birch_door":11,"minecraft:bookshelf":1,"minecraft:iron_axe":250,"minecraft:cherry_trapdoor":1,"minecraft:crimson_planks":112,"minecraft:pink_stained_glass_pane":7,"minecraft:golden_carrot":33,"minecraft:soul_soil":50,"minecraft:deepslate_tile_stairs":15,"minecraft:cherry_log":18,"minecraft:cooked_beef":13,"minecraft:stone_pressure_plate":1,"minecraft:cobbled_deepslate":147,"minecraft:golden_axe":3,"minecraft:iron_leggings":1,"minecraft:cooked_mutton":3,"minecraft:wheat_seeds":128,"minecraft:water_bucket":483,"minecraft:cobblestone_stairs":168,"minecraft:birch_planks":467,"minecraft:netherite_chestplate":1,"minecraft:baked_potato":103,"minecraft:birch_boat":9,"minecraft:cherry_planks":44,"minecraft:polished_blackstone_bricks":1,"minecraft:crafting_table":15,"minecraft:oak_slab":15,"minecraft:white_bed":5,"minecraft:smoker":3,"minecraft:diamond_pickaxe":3552,"minecraft:diamond_shovel":633,"minecraft:wind_charge":10,"minecraft:cherry_door":1,"minecraft:cracked_polished_blackstone_bricks":2,"minecraft:iron_pickaxe":333,"minecraft:map":1,"minecraft:stone_axe":131,"minecraft:pink_petals":17,"minecraft:fishing_rod":2,"minecraft:cherry_stairs":100,"minecraft:cobblestone":317,"minecraft:white_banner":8,"minecraft:cooked_porkchop":3,"minecraft:bucket":568,"minecraft:glass_pane":3,"minecraft:dandelion":2,"minecraft:soul_torch":11,"minecraft:splash_potion":3,"minecraft:birch_stairs":204},"minecraft:custom":{"minecraft:animals_bred":21,"minecraft:interact_with_crafting_table":152,"minecraft:open_barrel":15,"minecraft:bell_ring":44,"minecraft:leave_game":26,"minecraft:time_since_death":3346,"minecraft:sprint_one_cm":3104093,"minecraft:damage_blocked_by_shield":2287,"minecraft:drop":322,"minecraft:talked_to_villager":8,"minecraft:play_time":1437394,"minecraft:deaths":31,"minecraft:jump":12370,"minecraft:interact_with_brewingstand":2,"minecraft:walk_on_water_one_cm":221325,"minecraft:enchant_item":5,"minecraft:interact_with_furnace":127,"minecraft:sleep_in_bed":24,"minecraft:damage_dealt":67592,"minecraft:player_kills":36,"minecraft:crouch_one_cm":299668,"minecraft:interact_with_smoker":36,"minecraft:interact_with_smithing_table":21,"minecraft:inspect_dispenser":42,"minecraft:horse_one_cm":631479,"minecraft:interact_with_anvil":5,"minecraft:mob_kills":355,"minecraft:climb_one_cm":15926,"minecraft:walk_one_cm":5418776,"minecraft:raid_win":3,"minecraft:sneak_time":83243,"minecraft:walk_under_water_one_cm":190916,"minecraft:boat_one_cm":589550,"minecraft:interact_with_blast_furnace":74,"minecraft:total_world_time":1437394,"minecraft:pot_flower":2,"minecraft:interact_with_stonecutter":26,"minecraft:interact_with_grindstone":3,"minecraft:time_since_rest":3369,"minecraft:damage_taken":16843,"minecraft:swim_one_cm":378233,"minecraft:fly_one_cm":1605146,"minecraft:open_chest":654,"minecraft:fall_one_cm":222720}},"DataVersion":3953}