{"stats":{"minecraft:mined":{"minecraft:white_bed":2,"minecraft:sculk_vein":3,"minecraft:cobblestone_stairs":12,"minecraft:obsidian":5,"minecraft:cave_vines_plant":1,"minecraft:granite":30,"minecraft:grass_block":197,"minecraft:soul_soil":13,"minecraft:crimson_fungus":1,"minecraft:tuff_bricks":20,"minecraft:tall_seagrass":2,"minecraft:magma_block":9,"minecraft:iron_ore":43,"minecraft:cobbled_deepslate":37,"minecraft:fire":88,"minecraft:polished_tuff":1,"minecraft:moss_carpet":1,"minecraft:deepslate_lapis_ore":4,"minecraft:sculk_shrieker":8,"minecraft:cave_vines":1,"minecraft:dirt_path":1,"minecraft:deepslate_redstone_ore":2,"minecraft:blackstone":68,"minecraft:kelp_plant":4,"minecraft:soul_fire":4,"minecraft:powder_snow":11,"minecraft:torch":8,"minecraft:calcite":9,"minecraft:poppy":2,"minecraft:chest":2,"minecraft:nether_quartz_ore":5,"minecraft:cobblestone":36,"minecraft:oak_planks":7,"minecraft:sugar_cane":17,"minecraft:wall_torch":11,"minecraft:amethyst_block":1,"minecraft:pink_petals":3,"minecraft:seagrass":3,"minecraft:waxed_copper_bulb":1,"minecraft:wheat":16,"minecraft:birch_log":182,"minecraft:lilac":3,"minecraft:waxed_copper_block":9,"minecraft:birch_door":1,"minecraft:oak_log":7,"minecraft:beetroots":1,"minecraft:sand":19,"minecraft:dirt":72,"minecraft:crimson_planks":8,"minecraft:smooth_basalt":5,"minecraft:ancient_debris":44,"minecraft:netherrack":2120,"minecraft:oak_leaves":5,"minecraft:deepslate":254,"minecraft:diamond_ore":2,"minecraft:tuff":41,"minecraft:mossy_cobblestone":1,"minecraft:deepslate_diamond_ore":85,"minecraft:waxed_oxidized_chiseled_copper":1,"minecraft:decorated_pot":43,"minecraft:crimson_roots":4,"minecraft:moss_block":9,"minecraft:kelp":2,"minecraft:crimson_stem":26,"minecraft:hay_block":34,"minecraft:spore_blossom":1,"minecraft:furnace":6,"minecraft:carrots":38,"minecraft:andesite":37,"minecraft:peony":2,"minecraft:potatoes":46,"minecraft:deepslate_iron_ore":19,"minecraft:stone":452,"minecraft:bone_block":5,"minecraft:birch_stairs":92,"minecraft:oak_slab":7,"minecraft:soul_sand":57,"minecraft:polished_blackstone_brick_wall":1,"minecraft:dandelion":3,"minecraft:crafting_table":9,"minecraft:short_grass":86,"minecraft:sculk_sensor":14,"minecraft:campfire":1,"minecraft:copper_ore":51,"minecraft:tall_grass":9,"minecraft:deepslate_gold_ore":14,"minecraft:lapis_ore":6,"minecraft:sculk":13,"minecraft:diorite":11,"minecraft:birch_planks":136,"minecraft:ice":1,"minecraft:birch_leaves":103,"minecraft:coal_ore":131,"minecraft:gravel":73,"minecraft:cobweb":27,"minecraft:small_dripleaf":1,"minecraft:gold_ore":4,"minecraft:fern":2},"minecraft:used":{"minecraft:peony":2,"minecraft:tuff_bricks":6,"minecraft:iron_shovel":22,"minecraft:chest":6,"minecraft:decorated_pot":5,"minecraft:shield":34,"minecraft:iron_sword":243,"minecraft:soul_sand":24,"minecraft:carrot":94,"minecraft:tuff":37,"minecraft:beehive":1,"minecraft:axolotl_bucket":3,"minecraft:obsidian":1,"minecraft:honey_bottle":4,"minecraft:lava_bucket":74,"minecraft:birch_sapling":7,"minecraft:polished_blackstone_brick_wall":7,"minecraft:iron_helmet":1,"minecraft:magma_block":7,"minecraft:bow":44,"minecraft:furnace":8,"minecraft:cooked_cod":2,"minecraft:egg":6,"minecraft:potato":54,"minecraft:diorite":2,"minecraft:stone_pickaxe":263,"minecraft:oak_planks":3,"minecraft:wooden_pickaxe":28,"minecraft:sugar_cane":15,"minecraft:diamond_axe":102,"minecraft:netherite_leggings":1,"minecraft:netherite_helmet":1,"minecraft:birch_fence":1,"minecraft:polished_tuff":1,"minecraft:birch_fence_gate":2,"minecraft:bread":30,"minecraft:spore_blossom":1,"minecraft:gravel":43,"minecraft:fire_charge":1,"minecraft:chain":8,"minecraft:grindstone":1,"minecraft:birch_log":11,"minecraft:bone_meal":13,"minecraft:netherite_sword":599,"minecraft:stone_sword":131,"minecraft:flint_and_steel":85,"minecraft:stone_shovel":127,"minecraft:cooked_salmon":5,"minecraft:stone_hoe":116,"minecraft:trial_key":8,"minecraft:netherrack":743,"minecraft:torch":207,"minecraft:dirt":251,"minecraft:spyglass":75,"minecraft:birch_door":11,"minecraft:bookshelf":1,"minecraft:iron_axe":250,"minecraft:crimson_planks":112,"minecraft:golden_carrot":33,"minecraft:soul_soil":10,"minecraft:cooked_beef":7,"minecraft:cobbled_deepslate":145,"minecraft:golden_axe":3,"minecraft:iron_leggings":1,"minecraft:cooked_mutton":3,"minecraft:wheat_seeds":39,"minecraft:water_bucket":421,"minecraft:cobblestone_stairs":168,"minecraft:birch_planks":430,"minecraft:netherite_chestplate":1,"minecraft:baked_potato":81,"minecraft:birch_boat":8,"minecraft:polished_blackstone_bricks":1,"minecraft:oak_slab":15,"minecraft:crafting_table":11,"minecraft:white_bed":5,"minecraft:diamond_pickaxe":2989,"minecraft:diamond_shovel":159,"minecraft:wind_charge":3,"minecraft:cracked_polished_blackstone_bricks":2,"minecraft:iron_pickaxe":333,"minecraft:map":1,"minecraft:stone_axe":131,"minecraft:pink_petals":11,"minecraft:cobblestone":317,"minecraft:white_banner":8,"minecraft:cooked_porkchop":1,"minecraft:bucket":501,"minecraft:glass_pane":3,"minecraft:dandelion":2,"minecraft:splash_potion":3,"minecraft:birch_stairs":204},"minecraft:broken":{"minecraft:golden_boots":1,"minecraft:iron_chestplate":1,"minecraft:iron_leggings":1,"minecraft:stone_pickaxe":2,"minecraft:diamond_pickaxe":1,"minecraft:stone_axe":1,"minecraft:iron_sword":1,"minecraft:stone_sword":1,"minecraft:flint_and_steel":1,"minecraft:iron_axe":1,"minecraft:iron_pickaxe":2,"minecraft:iron_helmet":1},"minecraft:crafted":{"minecraft:grindstone":1,"minecraft:oak_planks":32,"minecraft:birch_boat":1,"minecraft:stone":4,"minecraft:cobblestone_stairs":156,"minecraft:bookshelf":1,"minecraft:diamond_helmet":1,"minecraft:bow":1,"minecraft:diamond_leggings":1,"minecraft:netherite_boots":1,"minecraft:birch_fence_gate":2,"minecraft:chest":4,"minecraft:netherite_helmet":1,"minecraft:copper_block":4,"minecraft:birch_door":9,"minecraft:stone_hoe":1,"minecraft:oak_slab":12,"minecraft:emerald":18,"minecraft:diamond_axe":1,"minecraft:crafting_table":3,"minecraft:iron_helmet":1,"minecraft:wooden_pickaxe":1,"minecraft:baked_potato":42,"minecraft:brush":1,"minecraft:copper_ingot":190,"minecraft:birch_planks":680,"minecraft:bolt_armor_trim_smithing_template":12,"minecraft:iron_chestplate":1,"minecraft:book":4,"minecraft:diamond_pickaxe":1,"minecraft:charcoal":79,"minecraft:shield":3,"minecraft:birch_fence":3,"minecraft:stick":96,"minecraft:stone_slab":6,"minecraft:iron_ingot":151,"minecraft:stone_sword":1,"minecraft:gold_ingot":41,"minecraft:netherite_ingot":12,"minecraft:birch_stairs":124,"minecraft:golden_carrot":11,"minecraft:stone_shovel":2,"minecraft:netherite_sword":1,"minecraft:furnace":6,"minecraft:bone_meal":18,"minecraft:flint_and_steel":1,"minecraft:netherite_chestplate":1,"minecraft:netherite_leggings":1,"minecraft:iron_axe":1,"minecraft:stone_pickaxe":2,"minecraft:diamond_boots":1,"minecraft:netherite_scrap":40,"minecraft:lead":4,"minecraft:wheat":297,"minecraft:cooked_cod":3,"minecraft:crimson_planks":104,"minecraft:diamond_sword":1,"minecraft:polished_blackstone_wall":1,"minecraft:iron_sword":1,"minecraft:cooked_salmon":5,"minecraft:bucket":2,"minecraft:stone_axe":1,"minecraft:air":0,"minecraft:bread":106,"minecraft:polished_blackstone_brick_wall":1,"minecraft:white_wool":2,"minecraft:gold_nugget":90,"minecraft:iron_leggings":2,"minecraft:white_bed":1,"minecraft:torch":172,"minecraft:diamond_chestplate":1},"minecraft:killed_by":{"minecraft:piglin_brute":1},"minecraft:dropped":{"minecraft:iron_sword":1,"minecraft:birch_planks":32,"minecraft:diamond_axe":1,"minecraft:baked_potato":51,"minecraft:golden_pickaxe":1,"minecraft:glass_bottle":4,"minecraft:diamond":7,"minecraft:spore_blossom":1,"minecraft:crafting_table":1,"minecraft:decorated_pot":4,"minecraft:crossbow":1,"minecraft:leather":9,"minecraft:flint":1,"minecraft:dirt":11,"minecraft:brush":1,"minecraft:mutton":2,"minecraft:coast_armor_trim_smithing_template":1,"minecraft:cooked_cod":3,"minecraft:netherite_boots":1,"minecraft:amethyst_shard":19,"minecraft:axolotl_bucket":1,"minecraft:sand":18,"minecraft:birch_log":1,"minecraft:white_wool":1,"minecraft:gold_ingot":1,"minecraft:bone":43,"minecraft:gravel":2,"minecraft:stone_axe":1,"minecraft:blackstone":13,"minecraft:ancient_debris":7,"minecraft:cooked_chicken":2,"minecraft:cobbled_deepslate":7,"minecraft:obsidian":5,"minecraft:birch_sapling":46,"minecraft:beetroot":1,"minecraft:rotten_flesh":41,"minecraft:oak_planks":11,"minecraft:cooked_mutton":9,"minecraft:poppy":4,"minecraft:tipped_arrow":15,"minecraft:lingering_potion":1,"minecraft:arrow":81,"minecraft:beef":5,"minecraft:quartz":19,"minecraft:netherrack":611,"minecraft:water_bucket":4,"minecraft:stone_hoe":1,"minecraft:iron_ingot":21,"minecraft:bread":81,"minecraft:wheat_seeds":15,"minecraft:mossy_cobblestone":1,"minecraft:diamond_leggings":1,"minecraft:poisonous_potato":9,"minecraft:netherite_chestplate":1,"minecraft:iron_helmet":2,"minecraft:cobblestone":7,"minecraft:stick":6,"minecraft:diamond_helmet":1,"minecraft:iron_leggings":1,"minecraft:white_banner":8,"minecraft:iron_shovel":1,"minecraft:string":4,"minecraft:bucket":1,"minecraft:dandelion":2,"minecraft:furnace":1,"minecraft:kelp":9,"minecraft:tuff_bricks":11,"minecraft:netherite_ingot":6,"minecraft:stone_shovel":2,"minecraft:filled_map":1,"minecraft:diamond_sword":1,"minecraft:stone":1,"minecraft:shield":1,"minecraft:flower_pot":1,"minecraft:diamond_chestplate":1,"minecraft:diamond_pickaxe":2,"minecraft:iron_chestplate":1,"minecraft:waxed_oxidized_cut_copper":1,"minecraft:golden_sword":1,"minecraft:diamond_boots":1,"minecraft:bow":6,"minecraft:stone_pickaxe":2,"minecraft:wooden_pickaxe":1,"minecraft:magma_cream":1,"minecraft:magma_block":1},"minecraft:custom":{"minecraft:animals_bred":12,"minecraft:interact_with_crafting_table":109,"minecraft:open_barrel":11,"minecraft:bell_ring":44,"minecraft:leave_game":21,"minecraft:time_since_death":154220,"minecraft:sprint_one_cm":2174614,"minecraft:damage_blocked_by_shield":1581,"minecraft:drop":191,"minecraft:talked_to_villager":5,"minecraft:play_time":999560,"minecraft:deaths":13,"minecraft:jump":8345,"minecraft:walk_on_water_one_cm":174489,"minecraft:enchant_item":5,"minecraft:interact_with_furnace":106,"minecraft:sleep_in_bed":23,"minecraft:damage_dealt":54018,"minecraft:crouch_one_cm":269228,"minecraft:interact_with_smoker":22,"minecraft:interact_with_smithing_table":18,"minecraft:inspect_dispenser":42,"minecraft:horse_one_cm":136626,"minecraft:interact_with_anvil":2,"minecraft:mob_kills":303,"minecraft:climb_one_cm":15926,"minecraft:walk_one_cm":3463862,"minecraft:raid_win":3,"minecraft:sneak_time":71353,"minecraft:walk_under_water_one_cm":171195,"minecraft:boat_one_cm":589513,"minecraft:interact_with_blast_furnace":66,"minecraft:total_world_time":999560,"minecraft:interact_with_stonecutter":5,"minecraft:interact_with_grindstone":2,"minecraft:time_since_rest":154249,"minecraft:damage_taken":9512,"minecraft:swim_one_cm":353971,"minecraft:fly_one_cm":874612,"minecraft:open_chest":366,"minecraft:fall_one_cm":147292},"minecraft:killed":{"minecraft:spider":45,"minecraft:cod":4,"minecraft:skeleton":61,"minecraft:piglin":3,"minecraft:zombie_villager":2,"minecraft:salmon":7,"minecraft:iron_golem":1,"minecraft:creeper":4,"minecraft:sheep":1,"minecraft:pillager":21,"minecraft:zombie":34,"minecraft:stray":48,"minecraft:ghast":2,"minecraft:cow":5,"minecraft:vindicator":7,"minecraft:slime":8,"minecraft:horse":1,"minecraft:drowned":10,"minecraft:husk":18,"minecraft:ravager":2,"minecraft:breeze":7,"minecraft:enderman":1},"minecraft:picked_up":{"minecraft:iron_chestplate":2,"minecraft:birch_door":7,"minecraft:wheat":20,"minecraft:flower_pot":1,"minecraft:diamond_sword":1,"minecraft:potion":3,"minecraft:crimson_planks":8,"minecraft:string":46,"minecraft:raw_copper":175,"minecraft:soul_soil":9,"minecraft:netherite_ingot":1,"minecraft:beetroot":1,"minecraft:gold_nugget":8,"minecraft:cobbled_deepslate":251,"minecraft:bucket":1,"minecraft:trial_key":12,"minecraft:iron_pickaxe":2,"minecraft:furnace":6,"minecraft:tipped_arrow":15,"minecraft:beehive":1,"minecraft:stick":40,"minecraft:torch":24,"minecraft:porkchop":2,"minecraft:diorite":2,"minecraft:stone_sword":1,"minecraft:honey_bottle":3,"minecraft:rotten_flesh":55,"minecraft:tropical_fish":1,"minecraft:netherite_chestplate":2,"minecraft:obsidian":6,"minecraft:cod":7,"minecraft:cobblestone":559,"minecraft:birch_log":183,"minecraft:pink_petals":11,"minecraft:magma_block":8,"minecraft:feather":1,"minecraft:cooked_beef":7,"minecraft:water_bucket":3,"minecraft:andesite":37,"minecraft:potato":157,"minecraft:flint":8,"minecraft:tuff":41,"minecraft:netherite_leggings":1,"minecraft:map":1,"minecraft:lapis_lazuli":78,"minecraft:dirt":281,"minecraft:bone":122,"minecraft:bow":9,"minecraft:wheat_seeds":70,"minecraft:raw_gold":22,"minecraft:bolt_armor_trim_smithing_template":4,"minecraft:glowstone_dust":2,"minecraft:scrape_pottery_sherd":1,"minecraft:oak_planks":13,"minecraft:cooked_porkchop":1,"minecraft:axolotl_bucket":1,"minecraft:poisonous_potato":5,"minecraft:birch_fence_gate":2,"minecraft:sand":18,"minecraft:mossy_cobblestone":1,"minecraft:diamond":133,"minecraft:netherite_helmet":1,"minecraft:cracked_polished_blackstone_bricks":2,"minecraft:granite":4,"minecraft:crossbow":2,"minecraft:breeze_rod":11,"minecraft:bone_meal":1,"minecraft:golden_apple":2,"minecraft:emerald":42,"minecraft:bread":5,"minecraft:netherrack":1479,"minecraft:crimson_roots":2,"minecraft:diamond_pickaxe":3,"minecraft:waxed_oxidized_cut_copper":1,"minecraft:charcoal":2,"minecraft:crafting_table":9,"minecraft:brick":22,"minecraft:shield":3,"minecraft:wind_charge":5,"minecraft:flint_and_steel":1,"minecraft:netherite_scrap":10,"minecraft:blackstone":13,"minecraft:beef":5,"minecraft:poppy":4,"minecraft:sugar_cane":21,"minecraft:chest":2,"minecraft:birch_sapling":76,"minecraft:phantom_membrane":1,"minecraft:egg":12,"minecraft:raw_iron":68,"minecraft:copper_ingot":1,"minecraft:polished_blackstone_bricks":3,"minecraft:stone_button":1,"minecraft:carrot":150,"minecraft:redstone":9,"minecraft:music_disc_creator_music_box":1,"minecraft:arrow":174,"minecraft:cooked_cod":2,"minecraft:decorated_pot":9,"minecraft:beetroot_seeds":3,"minecraft:peony":2,"minecraft:hay_block":33,"minecraft:saddle":1,"minecraft:gold_ingot":34,"minecraft:tuff_bricks":18,"minecraft:mutton":4,"minecraft:bone_block":3,"minecraft:rail":4,"minecraft:white_wool":1,"minecraft:netherite_boots":2,"minecraft:crimson_stem":26,"minecraft:salmon":6,"minecraft:leather":10,"minecraft:filled_map":2,"minecraft:birch_planks":185,"minecraft:crimson_fungus":1,"minecraft:oak_log":8,"minecraft:waxed_copper_block":9,"minecraft:ancient_debris":44,"minecraft:cobblestone_stairs":13,"minecraft:paper":6,"minecraft:white_banner":17,"minecraft:cooked_mutton":12,"minecraft:coast_armor_trim_smithing_template":2,"minecraft:apple":2,"minecraft:kelp":14,"minecraft:spore_blossom":2,"minecraft:iron_ingot":10,"minecraft:stone_pickaxe":2,"minecraft:cooked_chicken":2,"minecraft:glass_bottle":4,"minecraft:iron_sword":1,"minecraft:soul_sand":38,"minecraft:oak_slab":7,"minecraft:smooth_basalt":4,"minecraft:emerald_block":2,"minecraft:birch_boat":8,"minecraft:quartz":19,"minecraft:dandelion":4,"minecraft:spyglass":1,"minecraft:gravel":73,"minecraft:birch_stairs":88,"minecraft:amethyst_shard":38,"minecraft:white_bed":4,"minecraft:spider_eye":6,"minecraft:polished_tuff":1,"minecraft:slime_ball":5,"minecraft:stone_axe":1,"minecraft:iron_helmet":2,"minecraft:diamond_axe":2,"minecraft:polished_blackstone_brick_wall":1,"minecraft:baked_potato":99,"minecraft:coal":251,"minecraft:ender_pearl":1}},"DataVersion":3953}