{"stats":{"minecraft:broken":{"minecraft:golden_boots":1,"minecraft:iron_chestplate":1,"minecraft:iron_leggings":1,"minecraft:stone_pickaxe":2,"minecraft:diamond_pickaxe":2,"minecraft:stone_axe":1,"minecraft:iron_sword":1,"minecraft:stone_sword":1,"minecraft:flint_and_steel":1,"minecraft:iron_axe":1,"minecraft:iron_pickaxe":2,"minecraft:iron_helmet":1},"minecraft:dropped":{"minecraft:iron_sword":1,"minecraft:birch_planks":96,"minecraft:diamond_axe":1,"minecraft:baked_potato":51,"minecraft:golden_pickaxe":1,"minecraft:glass_bottle":4,"minecraft:diamond":7,"minecraft:spore_blossom":1,"minecraft:crafting_table":1,"minecraft:decorated_pot":4,"minecraft:crossbow":1,"minecraft:lantern":9,"minecraft:leather":9,"minecraft:flint":1,"minecraft:dirt":13,"minecraft:brush":1,"minecraft:mutton":2,"minecraft:coast_armor_trim_smithing_template":1,"minecraft:cooked_cod":3,"minecraft:netherite_boots":1,"minecraft:amethyst_shard":19,"minecraft:axolotl_bucket":1,"minecraft:sand":18,"minecraft:birch_log":1,"minecraft:white_wool":3,"minecraft:gold_ingot":1,"minecraft:bone":43,"minecraft:gravel":2,"minecraft:stone_axe":1,"minecraft:blackstone":13,"minecraft:spyglass":1,"minecraft:ancient_debris":7,"minecraft:cherry_stairs":16,"minecraft:cooked_chicken":2,"minecraft:cobbled_deepslate":7,"minecraft:birch_sapling":46,"minecraft:obsidian":5,"minecraft:cherry_sapling":9,"minecraft:beetroot":1,"minecraft:rotten_flesh":41,"minecraft:oak_planks":11,"minecraft:cooked_mutton":9,"minecraft:poppy":4,"minecraft:tipped_arrow":15,"minecraft:charcoal":14,"minecraft:quartz_block":2,"minecraft:lingering_potion":1,"minecraft:chest":1,"minecraft:arrow":81,"minecraft:beef":5,"minecraft:quartz":19,"minecraft:cherry_fence":1,"minecraft:netherrack":737,"minecraft:stone_hoe":1,"minecraft:water_bucket":4,"minecraft:iron_ingot":21,"minecraft:bread":81,"minecraft:wheat_seeds":18,"minecraft:cherry_log":33,"minecraft:mossy_cobblestone":1,"minecraft:diamond_leggings":1,"minecraft:poisonous_potato":9,"minecraft:netherite_chestplate":1,"minecraft:iron_helmet":2,"minecraft:cobblestone":59,"minecraft:lead":1,"minecraft:coal":32,"minecraft:cherry_fence_gate":6,"minecraft:stick":6,"minecraft:cherry_planks":280,"minecraft:diamond_helmet":1,"minecraft:iron_leggings":1,"minecraft:white_banner":8,"minecraft:iron_shovel":1,"minecraft:string":4,"minecraft:pink_petals":532,"minecraft:bucket":2,"minecraft:dandelion":2,"minecraft:furnace":1,"minecraft:kelp":9,"minecraft:tuff_bricks":19,"minecraft:soul_soil":1,"minecraft:soul_torch":5,"minecraft:netherite_ingot":6,"minecraft:tuff":301,"minecraft:stone_shovel":2,"minecraft:white_carpet":3,"minecraft:cherry_slab":2,"minecraft:filled_map":1,"minecraft:diamond_sword":1,"minecraft:stone":1,"minecraft:shield":1,"minecraft:flower_pot":1,"minecraft:diamond_chestplate":1,"minecraft:diamond_pickaxe":2,"minecraft:iron_chestplate":1,"minecraft:andesite":2,"minecraft:waxed_oxidized_cut_copper":1,"minecraft:golden_sword":1,"minecraft:stripped_cherry_log":10,"minecraft:diamond_boots":1,"minecraft:bow":6,"minecraft:stone_pickaxe":2,"minecraft:wooden_pickaxe":1,"minecraft:magma_cream":1,"minecraft:calcite":9,"minecraft:magma_block":1},"minecraft:mined":{"minecraft:white_bed":2,"minecraft:cherry_log":63,"minecraft:sculk_vein":3,"minecraft:cobblestone_stairs":12,"minecraft:obsidian":5,"minecraft:cave_vines_plant":1,"minecraft:granite":30,"minecraft:grass_block":433,"minecraft:soul_soil":53,"minecraft:crimson_fungus":1,"minecraft:tuff_bricks":31,"minecraft:tall_seagrass":2,"minecraft:magma_block":9,"minecraft:iron_ore":43,"minecraft:fire":88,"minecraft:cobbled_deepslate":37,"minecraft:polished_tuff":1,"minecraft:moss_carpet":1,"minecraft:deepslate_lapis_ore":4,"minecraft:sculk_shrieker":8,"minecraft:cave_vines":1,"minecraft:dirt_path":3,"minecraft:deepslate_redstone_ore":2,"minecraft:blackstone":70,"minecraft:kelp_plant":4,"minecraft:soul_fire":4,"minecraft:soul_lantern":2,"minecraft:torch":14,"minecraft:powder_snow":11,"minecraft:poppy":2,"minecraft:calcite":9,"minecraft:chest":2,"minecraft:nether_quartz_ore":5,"minecraft:cobblestone":36,"minecraft:grindstone":1,"minecraft:oak_planks":7,"minecraft:sugar_cane":17,"minecraft:wall_torch":14,"minecraft:amethyst_block":1,"minecraft:pink_petals":485,"minecraft:seagrass":3,"minecraft:chain":3,"minecraft:waxed_copper_bulb":1,"minecraft:birch_log":182,"minecraft:wheat":56,"minecraft:lilac":3,"minecraft:waxed_copper_block":9,"minecraft:birch_door":1,"minecraft:oak_log":7,"minecraft:beetroots":1,"minecraft:sand":19,"minecraft:dirt":109,"minecraft:crimson_planks":8,"minecraft:smooth_basalt":5,"minecraft:ancient_debris":44,"minecraft:netherrack":2123,"minecraft:oak_leaves":5,"minecraft:deepslate":258,"minecraft:deepslate_tiles":2,"minecraft:diamond_ore":2,"minecraft:tuff":318,"minecraft:mossy_cobblestone":1,"minecraft:deepslate_diamond_ore":85,"minecraft:stripped_cherry_log":1,"minecraft:waxed_oxidized_chiseled_copper":1,"minecraft:decorated_pot":43,"minecraft:crimson_roots":4,"minecraft:moss_block":9,"minecraft:kelp":2,"minecraft:crimson_stem":26,"minecraft:hay_block":34,"minecraft:spore_blossom":1,"minecraft:furnace":6,"minecraft:carrots":82,"minecraft:andesite":38,"minecraft:chiseled_deepslate":5,"minecraft:peony":2,"minecraft:polished_deepslate":10,"minecraft:potatoes":69,"minecraft:deepslate_iron_ore":19,"minecraft:lantern":1,"minecraft:stone":452,"minecraft:cherry_stairs":20,"minecraft:bone_block":5,"minecraft:birch_stairs":92,"minecraft:oak_slab":7,"minecraft:cherry_planks":12,"minecraft:soul_sand":82,"minecraft:dandelion":3,"minecraft:polished_blackstone_brick_wall":5,"minecraft:crafting_table":11,"minecraft:short_grass":205,"minecraft:sculk_sensor":14,"minecraft:campfire":1,"minecraft:copper_ore":51,"minecraft:tall_grass":14,"minecraft:lapis_ore":6,"minecraft:deepslate_gold_ore":14,"minecraft:sculk":13,"minecraft:diorite":11,"minecraft:birch_planks":161,"minecraft:ice":1,"minecraft:birch_leaves":103,"minecraft:coal_ore":140,"minecraft:cherry_leaves":31,"minecraft:gravel":73,"minecraft:cobweb":27,"minecraft:small_dripleaf":1,"minecraft:gold_ore":4,"minecraft:fern":2},"minecraft:crafted":{"minecraft:grindstone":1,"minecraft:oak_planks":32,"minecraft:chain":5,"minecraft:birch_boat":1,"minecraft:stone":4,"minecraft:cobblestone_stairs":156,"minecraft:bookshelf":1,"minecraft:diamond_helmet":1,"minecraft:bow":1,"minecraft:diamond_leggings":1,"minecraft:netherite_boots":1,"minecraft:birch_fence_gate":2,"minecraft:chest":5,"minecraft:netherite_helmet":1,"minecraft:copper_block":4,"minecraft:birch_door":9,"minecraft:stone_hoe":1,"minecraft:oak_slab":12,"minecraft:emerald":18,"minecraft:diamond_axe":1,"minecraft:crafting_table":5,"minecraft:iron_helmet":1,"minecraft:wooden_pickaxe":1,"minecraft:baked_potato":42,"minecraft:brush":1,"minecraft:copper_ingot":190,"minecraft:birch_planks":680,"minecraft:bolt_armor_trim_smithing_template":12,"minecraft:iron_chestplate":1,"minecraft:book":4,"minecraft:diamond_pickaxe":2,"minecraft:charcoal":79,"minecraft:chiseled_deepslate":10,"minecraft:shield":3,"minecraft:birch_fence":3,"minecraft:stick":96,"minecraft:stone_slab":6,"minecraft:iron_ingot":151,"minecraft:stone_sword":1,"minecraft:gold_ingot":41,"minecraft:netherite_ingot":12,"minecraft:birch_stairs":124,"minecraft:golden_carrot":11,"minecraft:cherry_planks":152,"minecraft:stone_shovel":2,"minecraft:netherite_sword":1,"minecraft:iron_nugget":126,"minecraft:soul_torch":32,"minecraft:furnace":6,"minecraft:bone_meal":24,"minecraft:white_carpet":3,"minecraft:flint_and_steel":1,"minecraft:netherite_chestplate":1,"minecraft:lantern":9,"minecraft:netherite_leggings":1,"minecraft:polished_deepslate":39,"minecraft:iron_axe":1,"minecraft:cherry_stairs":76,"minecraft:stone_pickaxe":2,"minecraft:diamond_boots":1,"minecraft:netherite_scrap":40,"minecraft:lead":4,"minecraft:cherry_fence_gate":6,"minecraft:wheat":297,"minecraft:cooked_cod":3,"minecraft:crimson_planks":104,"minecraft:diamond_sword":1,"minecraft:polished_blackstone_wall":1,"minecraft:iron_sword":1,"minecraft:cooked_salmon":5,"minecraft:bucket":2,"minecraft:deepslate_tiles":81,"minecraft:stone_axe":1,"minecraft:air":0,"minecraft:bread":106,"minecraft:polished_blackstone_brick_wall":1,"minecraft:soul_lantern":5,"minecraft:white_wool":2,"minecraft:gold_nugget":90,"minecraft:iron_leggings":2,"minecraft:white_bed":1,"minecraft:torch":188,"minecraft:diamond_chestplate":1},"minecraft:picked_up":{"minecraft:chiseled_deepslate":5,"minecraft:iron_chestplate":2,"minecraft:birch_door":7,"minecraft:wheat":42,"minecraft:flower_pot":1,"minecraft:lead":6,"minecraft:smithing_table":1,"minecraft:diamond_sword":1,"minecraft:potion":3,"minecraft:crimson_planks":8,"minecraft:polished_deepslate":10,"minecraft:string":46,"minecraft:soul_soil":50,"minecraft:raw_copper":175,"minecraft:netherite_ingot":1,"minecraft:beetroot":1,"minecraft:deepslate_tiles":2,"minecraft:gold_nugget":8,"minecraft:cobbled_deepslate":255,"minecraft:bucket":1,"minecraft:trial_key":12,"minecraft:calcite":6,"minecraft:iron_pickaxe":2,"minecraft:furnace":6,"minecraft:tipped_arrow":15,"minecraft:beehive":1,"minecraft:stick":84,"minecraft:torch":35,"minecraft:porkchop":2,"minecraft:cherry_log":99,"minecraft:diorite":2,"minecraft:quartz_block":2,"minecraft:stone_sword":1,"minecraft:honey_bottle":3,"minecraft:rotten_flesh":55,"minecraft:tropical_fish":1,"minecraft:netherite_chestplate":2,"minecraft:obsidian":6,"minecraft:cod":7,"minecraft:cobblestone":561,"minecraft:birch_log":183,"minecraft:pink_petals":886,"minecraft:magma_block":8,"minecraft:feather":1,"minecraft:cooked_beef":13,"minecraft:cherry_planks":230,"minecraft:water_bucket":3,"minecraft:andesite":39,"minecraft:smoker":3,"minecraft:potato":240,"minecraft:flint":8,"minecraft:tuff":343,"minecraft:cherry_fence":1,"minecraft:lantern":10,"minecraft:netherite_leggings":1,"minecraft:map":1,"minecraft:lapis_lazuli":78,"minecraft:dirt":622,"minecraft:leather_boots":1,"minecraft:bone":126,"minecraft:bow":9,"minecraft:wheat_seeds":162,"minecraft:raw_gold":23,"minecraft:grindstone":1,"minecraft:bolt_armor_trim_smithing_template":4,"minecraft:glowstone_dust":2,"minecraft:oak_planks":13,"minecraft:scrape_pottery_sherd":1,"minecraft:cooked_porkchop":3,"minecraft:axolotl_bucket":1,"minecraft:poisonous_potato":5,"minecraft:birch_fence_gate":2,"minecraft:sand":18,"minecraft:mossy_cobblestone":1,"minecraft:soul_lantern":2,"minecraft:diamond":133,"minecraft:netherite_helmet":1,"minecraft:cracked_polished_blackstone_bricks":2,"minecraft:granite":4,"minecraft:crossbow":2,"minecraft:breeze_rod":11,"minecraft:bone_meal":1,"minecraft:golden_apple":2,"minecraft:emerald":42,"minecraft:bread":5,"minecraft:cherry_slab":2,"minecraft:netherrack":1590,"minecraft:crimson_roots":2,"minecraft:diamond_pickaxe":3,"minecraft:waxed_oxidized_cut_copper":1,"minecraft:charcoal":27,"minecraft:crafting_table":13,"minecraft:stripped_cherry_log":11,"minecraft:chain":3,"minecraft:brick":22,"minecraft:shield":3,"minecraft:wind_charge":5,"minecraft:flint_and_steel":1,"minecraft:netherite_scrap":10,"minecraft:white_carpet":1,"minecraft:polished_blackstone_wall":1,"minecraft:blackstone":15,"minecraft:beef":5,"minecraft:poppy":4,"minecraft:sugar_cane":21,"minecraft:chest":2,"minecraft:birch_sapling":76,"minecraft:phantom_membrane":1,"minecraft:egg":12,"minecraft:raw_iron":68,"minecraft:cherry_stairs":32,"minecraft:copper_ingot":1,"minecraft:polished_blackstone_bricks":3,"minecraft:stone_button":1,"minecraft:carrot":301,"minecraft:redstone":9,"minecraft:music_disc_creator_music_box":1,"minecraft:arrow":174,"minecraft:cooked_cod":2,"minecraft:beetroot_seeds":3,"minecraft:decorated_pot":9,"minecraft:peony":2,"minecraft:hay_block":33,"minecraft:saddle":1,"minecraft:gold_ingot":34,"minecraft:tuff_bricks":32,"minecraft:mutton":4,"minecraft:bone_block":3,"minecraft:rail":4,"minecraft:white_wool":6,"minecraft:netherite_boots":2,"minecraft:crimson_stem":26,"minecraft:salmon":6,"minecraft:leather":10,"minecraft:filled_map":2,"minecraft:birch_planks":211,"minecraft:crimson_fungus":1,"minecraft:oak_log":8,"minecraft:waxed_copper_block":9,"minecraft:ancient_debris":44,"minecraft:gunpowder":3,"minecraft:cobblestone_stairs":13,"minecraft:paper":6,"minecraft:white_banner":17,"minecraft:cooked_mutton":12,"minecraft:coast_armor_trim_smithing_template":2,"minecraft:apple":2,"minecraft:kelp":14,"minecraft:spore_blossom":2,"minecraft:iron_ingot":10,"minecraft:stone_pickaxe":2,"minecraft:cooked_chicken":2,"minecraft:glass_bottle":4,"minecraft:iron_sword":1,"minecraft:soul_sand":63,"minecraft:oak_slab":7,"minecraft:smooth_basalt":4,"minecraft:emerald_block":2,"minecraft:birch_boat":9,"minecraft:quartz":19,"minecraft:dandelion":4,"minecraft:spyglass":2,"minecraft:gravel":73,"minecraft:birch_stairs":88,"minecraft:amethyst_shard":38,"minecraft:soul_torch":5,"minecraft:white_bed":4,"minecraft:spider_eye":6,"minecraft:polished_tuff":1,"minecraft:pumpkin_seeds":4,"minecraft:slime_ball":5,"minecraft:stone_axe":1,"minecraft:iron_helmet":2,"minecraft:diamond_axe":2,"minecraft:cherry_sapling":58,"minecraft:polished_blackstone_brick_wall":5,"minecraft:baked_potato":99,"minecraft:coal":270,"minecraft:sunflower":3,"minecraft:ender_pearl":1},"minecraft:killed_by":{"minecraft:piglin_brute":1,"minecraft:player":9},"minecraft:killed":{"minecraft:spider":45,"minecraft:cod":4,"minecraft:skeleton":68,"minecraft:piglin":3,"minecraft:zombie_villager":2,"minecraft:salmon":7,"minecraft:iron_golem":1,"minecraft:creeper":6,"minecraft:sheep":1,"minecraft:pillager":21,"minecraft:zombie":35,"minecraft:ghast":2,"minecraft:stray":48,"minecraft:cow":5,"minecraft:vindicator":7,"minecraft:slime":8,"minecraft:phantom":1,"minecraft:horse":1,"minecraft:drowned":10,"minecraft:husk":18,"minecraft:wandering_trader":1,"minecraft:ravager":2,"minecraft:breeze":7,"minecraft:player":18,"minecraft:enderman":1},"minecraft:used":{"minecraft:peony":2,"minecraft:tuff_bricks":9,"minecraft:chiseled_deepslate":15,"minecraft:polished_deepslate":47,"minecraft:iron_shovel":22,"minecraft:chest":6,"minecraft:decorated_pot":5,"minecraft:shield":51,"minecraft:iron_sword":243,"minecraft:soul_sand":35,"minecraft:carrot":161,"minecraft:tuff":38,"minecraft:beehive":1,"minecraft:axolotl_bucket":8,"minecraft:obsidian":1,"minecraft:honey_bottle":4,"minecraft:lava_bucket":74,"minecraft:lantern":7,"minecraft:birch_sapling":7,"minecraft:polished_blackstone_brick_wall":68,"minecraft:iron_helmet":1,"minecraft:magma_block":7,"minecraft:bow":57,"minecraft:furnace":8,"minecraft:cooked_cod":2,"minecraft:egg":6,"minecraft:potato":87,"minecraft:diorite":2,"minecraft:stone_pickaxe":263,"minecraft:oak_planks":3,"minecraft:blackstone":2,"minecraft:wooden_pickaxe":28,"minecraft:sugar_cane":15,"minecraft:diamond_axe":257,"minecraft:netherite_leggings":1,"minecraft:crossbow":40,"minecraft:netherite_helmet":1,"minecraft:polished_tuff":1,"minecraft:birch_fence":1,"minecraft:deepslate_tiles":63,"minecraft:birch_fence_gate":2,"minecraft:bread":30,"minecraft:spore_blossom":1,"minecraft:gravel":43,"minecraft:soul_lantern":7,"minecraft:fire_charge":1,"minecraft:birch_log":11,"minecraft:chain":22,"minecraft:grindstone":2,"minecraft:smithing_table":1,"minecraft:bone_meal":17,"minecraft:netherite_sword":669,"minecraft:stone_sword":131,"minecraft:flint_and_steel":85,"minecraft:stone_shovel":127,"minecraft:polished_blackstone_wall":1,"minecraft:cooked_salmon":5,"minecraft:trial_key":8,"minecraft:stone_hoe":116,"minecraft:netherrack":1003,"minecraft:torch":224,"minecraft:dirt":460,"minecraft:spyglass":98,"minecraft:birch_door":11,"minecraft:bookshelf":1,"minecraft:iron_axe":250,"minecraft:crimson_planks":112,"minecraft:golden_carrot":33,"minecraft:soul_soil":50,"minecraft:cooked_beef":13,"minecraft:cobbled_deepslate":145,"minecraft:cherry_log":15,"minecraft:golden_axe":3,"minecraft:iron_leggings":1,"minecraft:cooked_mutton":3,"minecraft:wheat_seeds":84,"minecraft:water_bucket":443,"minecraft:cobblestone_stairs":168,"minecraft:birch_planks":467,"minecraft:netherite_chestplate":1,"minecraft:baked_potato":103,"minecraft:birch_boat":9,"minecraft:cherry_planks":42,"minecraft:polished_blackstone_bricks":1,"minecraft:crafting_table":15,"minecraft:oak_slab":15,"minecraft:white_bed":5,"minecraft:smoker":3,"minecraft:diamond_pickaxe":3325,"minecraft:diamond_shovel":496,"minecraft:wind_charge":7,"minecraft:cracked_polished_blackstone_bricks":2,"minecraft:iron_pickaxe":333,"minecraft:map":1,"minecraft:stone_axe":131,"minecraft:pink_petals":17,"minecraft:cherry_stairs":100,"minecraft:cobblestone":317,"minecraft:white_banner":8,"minecraft:cooked_porkchop":3,"minecraft:bucket":527,"minecraft:glass_pane":3,"minecraft:dandelion":2,"minecraft:splash_potion":3,"minecraft:birch_stairs":204},"minecraft:custom":{"minecraft:animals_bred":15,"minecraft:interact_with_crafting_table":129,"minecraft:open_barrel":11,"minecraft:bell_ring":44,"minecraft:leave_game":23,"minecraft:time_since_death":94777,"minecraft:sprint_one_cm":2739973,"minecraft:damage_blocked_by_shield":1807,"minecraft:drop":274,"minecraft:talked_to_villager":7,"minecraft:play_time":1250660,"minecraft:deaths":25,"minecraft:jump":10873,"minecraft:interact_with_brewingstand":1,"minecraft:walk_on_water_one_cm":184035,"minecraft:enchant_item":5,"minecraft:interact_with_furnace":111,"minecraft:sleep_in_bed":23,"minecraft:damage_dealt":59556,"minecraft:player_kills":19,"minecraft:crouch_one_cm":291620,"minecraft:interact_with_smoker":30,"minecraft:interact_with_smithing_table":21,"minecraft:inspect_dispenser":42,"minecraft:horse_one_cm":150766,"minecraft:interact_with_anvil":4,"minecraft:mob_kills":316,"minecraft:climb_one_cm":15926,"minecraft:walk_one_cm":4689193,"minecraft:raid_win":3,"minecraft:sneak_time":79827,"minecraft:walk_under_water_one_cm":176092,"minecraft:boat_one_cm":589550,"minecraft:interact_with_blast_furnace":70,"minecraft:total_world_time":1250660,"minecraft:interact_with_stonecutter":16,"minecraft:interact_with_grindstone":3,"minecraft:time_since_rest":94807,"minecraft:damage_taken":13245,"minecraft:swim_one_cm":355714,"minecraft:fly_one_cm":1338479,"minecraft:open_chest":512,"minecraft:fall_one_cm":185064}},"DataVersion":3953}